"","Team","Wins","WinPct","Season","WAR.Mean","wOBA.Mean","wRC.Mean","WAR.Spread","wOBA.Spread","wRC.Spread"
"1","Diamondbacks",82,0.50617284,2018,2,0.327,102.375,1.97122152121832,0.0437819271258946,29.349799220535
"2","Diamondbacks",93,0.574074074,2017,1.46363636363636,0.332454545454545,97.6363636363636,1.65061971833171,0.0337679245330939,22.1145776684644
"3","Diamondbacks",69,0.425925926,2016,1.875,0.3325,100.375,2.07691391939373,0.042721690710257,28.5003132814862
"4","Diamondbacks",79,0.487654321,2015,2.26666666666667,0.325,99.5555555555556,3.1264996401727,0.0542217668469038,37.0881083068115
"5","Diamondbacks",64,0.395061728,2014,1.62222222222222,0.324,100.555555555556,1.74483364377365,0.0392205303380768,26.9309817455246
"6","Diamondbacks",81,0.5,2013,1.88181818181818,0.325363636363636,101.363636363636,1.60550190396535,0.0348432855146375,24.187900807109
"7","Diamondbacks",81,0.5,2012,2.6875,0.343875,111.5,1.83881755484333,0.0232528800059569,15.6570385815089
"8","Diamondbacks",94,0.580246914,2011,3.52857142857143,0.335428571428571,106.285714285714,2.30847300591703,0.0292224636359151,20.3692111262258
"9","Diamondbacks",65,0.401234568,2010,2.725,0.341,103.75,1.77984750550634,0.0250428204710024,16.867127793433
"10","Diamondbacks",70,0.432098765,2009,1.78,0.3318,94.4,1.96965874088776,0.0345021738445565,23.1045930979583
"11","Diamondbacks",82,0.50617284,2008,1.33333333333333,0.339222222222222,97.8888888888889,1.0770329614269,0.0220328038262143,14.3478608548839
"12","Diamondbacks",90,0.555555556,2007,1.27777777777778,0.337,94,1.30074764825636,0.0271201032446412,17.4928556845359
"13","Diamondbacks",76,0.469135802,2006,1.2875,0.338,95.875,0.837406711222211,0.0169368575260331,11.1026058717248
"14","Diamondbacks",77,0.475308642,2005,1.81111111111111,0.342777777777778,101.666666666667,1.65033666599004,0.0468929039881776,30.9434968935316
"15","Diamondbacks",51,0.314814815,2004,0.242857142857143,0.324142857142857,87,0.916255318960719,0.0266797586909913,17.3301279087413
"16","Diamondbacks",84,0.518518519,2003,1.18888888888889,0.337666666666667,96.7777777777778,1.58464857653396,0.0325192250830182,21.1292319889873
"17","Diamondbacks",98,0.604938272,2002,2.12,0.3483,106,1.91299648602802,0.0355810498877016,23.137271518771
"18","Diamondbacks",92,0.567901235,2001,2.6,0.345222222222222,103.555555555556,2.45865817062885,0.0475388729824808,30.4389188010642
"19","Diamondbacks",85,0.524691358,2000,1.8375,0.34625,97.875,1.65091965712621,0.0439374555476304,28.3419804731931
"20","Diamondbacks",100,0.617283951,1999,2.48888888888889,0.346777777777778,97.8888888888889,2.48919888942429,0.0374458868828666,23.8035944998042
"21","Diamondbacks",65,0.401234568,1998,1.66666666666667,0.332444444444444,96.3333333333333,1.70367250374008,0.024088955514463,16.0857079421454
"22","Braves",90,0.555555556,2018,2.78,0.3367,109,1.30962250710314,0.0295599203126275,19.6694913225759
"23","Braves",72,0.444444444,2017,1.9875,0.34,106,2.22738636073762,0.0390640499692492,25.6849038486479
"24","Braves",68,0.419753086,2016,1.4875,0.316,94.875,2.38952326386906,0.0466292366899322,31.1422427855523
"25","Braves",67,0.413580247,2015,1.86666666666667,0.318,100.333333333333,1.04434987751551,0.029284808348357,20.1560578156213
"26","Braves",79,0.487654321,2014,2.1375,0.318625,102.25,1.93386179148651,0.0408094439350221,27.9067324186425
"27","Braves",96,0.592592593,2013,2.48,0.3279,108.7,1.79925910678071,0.03839400994947,26.8247398247712
"28","Braves",94,0.580246914,2012,3.8,0.335571428571429,110.714285714286,1.3735598518691,0.0201399862864662,13.4252782182752
"29","Braves",89,0.549382716,2011,1.83333333333333,0.322,102.555555555556,2.21754368615367,0.024279621084358,16.493264618558
"30","Braves",91,0.561728395,2010,1.94444444444444,0.337666666666667,107.333333333333,2.85924426689602,0.0315713477697738,21.0713075057055
"31","Braves",86,0.530864198,2009,2.45714285714286,0.346714285714286,110.857142857143,2.52972801097743,0.0297529510341091,20.111593434539
"32","Braves",72,0.444444444,2008,2.8875,0.35225,113.25,3.42988442120972,0.0480617162763521,31.458589560609
"33","Braves",84,0.518518519,2007,2.75,0.3508,109.2,2.04355354985161,0.0425905571172244,27.5430975422559
"34","Braves",79,0.487654321,2006,2.74444444444444,0.360111111111111,114.888888888889,1.79868779330316,0.0378465468849023,24.9421553020406
"35","Braves",90,0.555555556,2005,2.48333333333333,0.342666666666667,107.666666666667,2.73290831876737,0.0369676353126091,24.1936630821654
"36","Braves",96,0.592592593,2004,2.475,0.349666666666667,109.583333333333,2.63166901759735,0.0386483760292327,25.4038591675765
"37","Braves",101,0.62345679,2003,4.05555555555556,0.37,123,2.71804668425283,0.0473022198210613,31.04834939252
"38","Braves",101,0.62345679,2002,2.35,0.330625,99.625,3.01235550927936,0.058802180474634,38.6483690286075
"39","Braves",88,0.543209877,2001,2.34444444444444,0.333888888888889,100.777777777778,2.15529064809779,0.0381000145815079,24.6919915042194
"40","Braves",95,0.586419753,2000,2.3,0.351090909090909,104,2.64461717456421,0.0348237118798515,22.2710574513201
"41","Braves",103,0.635802469,1999,2.16,0.3449,99.9,2.87912023599803,0.0545699347422899,34.7577329525388
"42","Braves",106,0.654320988,1998,3.27,0.3514,112.1,2.50557156930088,0.0452012782513454,29.9052206516224
"43","Braves",101,0.62345679,1997,3.16666666666667,0.352444444444444,111.222222222222,1.55161206491829,0.0321990338019292,21.2766173167739
"44","Braves",96,0.592592593,1996,2.775,0.350625,111.375,2.01760112155854,0.0327803839426657,22.0514819715786
"45","Orioles",47,0.290123457,2018,-0.528571428571429,0.291428571428571,81.5714285714286,1.19263613578533,0.0341118608055768,23.2153479610447
"46","Orioles",75,0.462962963,2017,1.2,0.315272727272727,94.4545454545455,1.56012819986051,0.0336038417717109,23.1143402949928
"47","Orioles",89,0.549382716,2016,2.12,0.3322,107.4,1.71839718601052,0.0234084505159046,16.1877868914946
"48","Orioles",81,0.5,2015,1.93,0.3204,101.1,2.41433220580764,0.0412504545429502,28.4700622486928
"49","Orioles",96,0.592592593,2014,2.29090909090909,0.323090909090909,104.545454545455,1.53717568641619,0.0414932634181852,29.0219352778675
"50","Orioles",85,0.524691358,2013,3.01111111111111,0.328333333333333,104,2.21497429129801,0.0381706693679846,26.3343881645274
"51","Orioles",93,0.574074074,2012,1.9875,0.327125,103.875,1.69994747818026,0.0340312356519713,23.4973402750184
"52","Orioles",69,0.425925926,2011,2.0375,0.333375,105.375,2.0736010774909,0.015408137924023,10.5008503057065
"53","Orioles",66,0.407407407,2010,1.27,0.3177,92.6,1.37844517885591,0.0397046037073229,27.0316686704893
"54","Orioles",64,0.395061728,2009,1.13,0.3322,95.9,1.31406916780578,0.0267407304811717,17.7604429374195
"55","Orioles",68,0.419753086,2008,2.64444444444444,0.340777777777778,103.555555555556,2.00880008407451,0.0373623399219648,24.9003569809306
"56","Orioles",69,0.425925926,2007,1.5,0.3272,95.6,1.89032625050104,0.0304258661887108,20.145029715099
"57","Orioles",70,0.432098765,2006,2.13333333333333,0.336222222222222,99.6666666666667,1.91898410623955,0.0270867946506124,18.0416185526687
"58","Orioles",74,0.456790123,2005,1.87,0.3342,104.3,2.64325136484932,0.0338552474186466,22.8134950315719
"59","Orioles",78,0.481481481,2004,2.22727272727273,0.343181818181818,107.272727272727,2.39795367306831,0.0406394344985709,26.9224475450911
"60","Orioles",71,0.438271605,2003,1.37272727272727,0.326727272727273,100.090909090909,1.68528389839274,0.0355080016590371,23.7842575896518
"61","Orioles",67,0.413580247,2002,1.42222222222222,0.314888888888889,92.6666666666667,1.00719632864921,0.0194193488848394,12.9421791055448
"62","Orioles",63,0.388888889,2001,0.65,0.3062,87.8,1.23670709727261,0.0398826055094476,26.7199467730674
"63","Orioles",74,0.456790123,2000,1.36,0.3446,102.8,0.798749021908634,0.0111713920350151,7.15541752799933
"64","Orioles",78,0.481481481,1999,3.01111111111111,0.361111111111111,113.888888888889,1.61357091914521,0.0327888870062878,21.0917308704409
"65","Orioles",79,0.487654321,1998,2.45,0.3534,112.5,1.9317522270381,0.0315707318748095,20.353814821251
"66","Orioles",98,0.604938272,1997,2.16,0.3353,100.4,1.10070684360349,0.0375145897544468,24.5048747984741
"67","Orioles",88,0.543209877,1996,2.87777777777778,0.362,110.555555555556,2.5405598683055,0.0446346278129436,27.48231754743
"68","Red Sox",108,0.666666667,2018,2.88181818181818,0.331636363636364,104.727272727273,3.26245863784299,0.0686735359906168,46.9789120970056
"69","Red Sox",93,0.574074074,2017,1.85,0.3187,92.7,1.72256269036056,0.0166135821276181,11.1360276181011
"70","Red Sox",93,0.574074074,2016,3.88888888888889,0.356111111111111,119.777777777778,2.38140947993223,0.0338136231585897,23.2474610322169
"71","Red Sox",78,0.481481481,2015,1.71,0.3283,104.1,2.10736802671009,0.030976873093756,21.4654761574643
"72","Red Sox",71,0.438271605,2014,1.84285714285714,0.316142857142857,96.8571428571429,1.29724983825674,0.0408347424441026,28.5973691763687
"73","Red Sox",97,0.598765432,2013,3.26,0.35,116.5,1.40412091913608,0.025660172338557,17.6399168554352
"74","Red Sox",69,0.425925926,2012,2.15555555555556,0.334666666666667,107.222222222222,1.17910041038827,0.0409878030638384,28.3186236325928
"75","Red Sox",90,0.555555556,2011,3.08333333333333,0.346166666666667,113.25,3.3528368811374,0.0446945864798642,30.2958893101178
"76","Red Sox",89,0.549382716,2010,2.85555555555556,0.363666666666667,121.555555555556,1.81115371456367,0.0309192496674806,20.9291131627161
"77","Red Sox",95,0.586419753,2009,2.51111111111111,0.354777777777778,108.666666666667,2.4957185560698,0.0397768078714776,26.4007575648882
"78","Red Sox",95,0.586419753,2008,2.88,0.3499,108.6,2.22700596217333,0.036643780736527,24.5773156476545
"79","Red Sox",96,0.592592593,2007,3.24444444444444,0.359555555555556,114.777777777778,1.85142587693318,0.0454893149847058,30.4949904811339
"80","Red Sox",86,0.530864198,2006,1.78181818181818,0.343545454545455,101.727272727273,1.51645519671251,0.0502520917701216,33.2628649069526
"81","Red Sox",95,0.586419753,2005,3,0.3625,119.375,1.4252819269985,0.0352014610086408,23.808386877617
"82","Red Sox",98,0.604938272,2004,2.45555555555556,0.357666666666667,113.444444444444,1.75435964892544,0.0500749438342171,33.362070945578
"83","Red Sox",95,0.586419753,2003,3.54444444444444,0.375222222222222,127.888888888889,2.01996974674815,0.0348811474072233,23.0512713556348
"84","Red Sox",93,0.574074074,2002,2.36666666666667,0.342555555555556,106.666666666667,2.22036033111745,0.0570397035211245,38.2851146008472
"85","Red Sox",82,0.50617284,2001,1.09090909090909,0.332363636363636,100.181818181818,1.87374200222685,0.0380427988646281,25.6547000832915
"86","Red Sox",85,0.524691358,2000,2.07777777777778,0.347333333333333,100.111111111111,2.56260501139845,0.0458938993767145,29.2721900634563
"87","Red Sox",94,0.580246914,1999,2.5,0.3526,104.2,1.57550697307953,0.0459061845264642,29.8842210316191
"88","Red Sox",92,0.567901235,1998,3.4625,0.353,107.5,2.30213410308162,0.0393809235907075,25.2925737265761
"89","Red Sox",78,0.481481481,1997,2.75,0.3599,112.5,1.70114340632672,0.0281205737257736,18.2832649649284
"90","Red Sox",85,0.524691358,1996,2.01,0.3697,112.5,2.04746455674112,0.0371963259834445,23.0518738693601
"91","Cubs",95,0.586419753,2018,2.42,0.3346,109.3,1.3603921003397,0.0257949176734057,17.1855882775203
"92","Cubs",92,0.567901235,2017,2.25454545454545,0.339181818181818,106.909090909091,1.74720556109671,0.0308701091083857,20.3541373949109
"93","Cubs",103,0.635802469,2016,3.23,0.3423,112.2,2.17922004396068,0.0388560019673781,26.0418466660446
"94","Cubs",97,0.598765432,2015,2.87777777777778,0.335666666666667,111.666666666667,1.90445384413601,0.0321908372056397,22.1415898254845
"95","Cubs",73,0.450617284,2014,1.66666666666667,0.320555555555556,103.333333333333,1.96341539160719,0.0448416968655043,30.5327692815441
"96","Cubs",66,0.407407407,2013,1.125,0.317875,100,0.844731571904015,0.0370730456569961,25.7681974534503
"97","Cubs",61,0.37654321,2012,1.9,0.324285714285714,100.142857142857,0.962635271879577,0.0261897835406244,17.5919353817649
"98","Cubs",71,0.438271605,2011,2.1375,0.33475,106.5,0.948589177975075,0.0263479465179791,18.1028805916154
"99","Cubs",75,0.462962963,2010,1.8375,0.34225,107.375,1.79438608681951,0.0274473522012077,18.1260467678027
"100","Cubs",83,0.512345679,2009,1.36,0.334,97,1.70241658304371,0.0425205832509386,28.4644027202789
"101","Cubs",97,0.598765432,2008,3.02222222222222,0.363111111111111,113.666666666667,1.10880315856533,0.0218371497936684,14.3614066163451
"102","Cubs",85,0.524691358,2007,2.34444444444444,0.350666666666667,104.333333333333,2.19494368442058,0.0311929479209644,20.0499376557634
"103","Cubs",66,0.407407407,2006,1.74285714285714,0.335714285714286,95.4285714285714,1.86445447147161,0.0423269586501491,27.567233828449
"104","Cubs",79,0.487654321,2005,2.3125,0.343625,104.125,2.20741445393215,0.0572686338982469,37.5934549774672
"105","Cubs",89,0.549382716,2004,2.7,0.351666666666667,109.333333333333,1.94807597387782,0.032148094811357,21.2837966537928
"106","Cubs",88,0.543209877,2003,1.575,0.3365,101.25,1.45773797371133,0.0294230230553267,19.1292595629985
"107","Cubs",67,0.413580247,2002,1.7875,0.333375,103,1.90145620887932,0.0528229860680259,34.7891608735496
"108","Cubs",88,0.543209877,2001,1.98888888888889,0.343111111111111,107,3.0840089349921,0.0575227008328982,37.2458051329274
"109","Cubs",65,0.401234568,2000,2.125,0.338375,96.625,1.89114477801901,0.0439055398391983,28.2080915442968
"110","Cubs",67,0.413580247,1999,1.4875,0.343,98,2.27498037668146,0.0574630315942346,36.5864924332933
"111","Cubs",90,0.555555556,1998,1.7,0.333727272727273,98.9090909090909,2.35966099260042,0.0479730985221737,31.6558195138099
"112","Cubs",68,0.419753086,1997,2.08333333333333,0.330833333333333,93.5,1.48110319244361,0.0316127611363934,20.9833267143225
"113","Cubs",76,0.469135802,1996,2.48888888888889,0.327666666666667,96.1111111111111,1.79265476629247,0.0429330874734161,28.9285518322489
"114","White Sox",62,0.382716049,2018,0.845454545454545,0.308909090909091,95.2727272727273,0.820199532264724,0.0229192257524313,15.7295321550955
"115","White Sox",67,0.413580247,2017,1.01,0.3041,88.8,1.96154700852839,0.0508449713453662,34.8546186960128
"116","White Sox",78,0.481481481,2016,2.2125,0.32525,104.5,1.67113092587881,0.0177099649108308,12.1772621835006
"117","White Sox",76,0.469135802,2015,0.944444444444444,0.298333333333333,87.8888888888889,1.76784551864064,0.0344601218802255,23.8350815209663
"118","White Sox",73,0.450617284,2014,2.25714285714286,0.329285714285714,110.428571428571,2.07352931243419,0.0389003611196361,26.9867692450526
"119","White Sox",63,0.388888889,2013,0.5,0.301222222222222,86.2222222222222,1.51327459504216,0.0226868782436995,15.7303669519959
"120","White Sox",85,0.524691358,2012,2.175,0.3325,106,1.01945363518196,0.0314142824660558,21.4542703042008
"121","White Sox",79,0.487654321,2011,0.833333333333333,0.31,89,2.22766694099455,0.0409817032344923,27.8163620914022
"122","White Sox",88,0.543209877,2010,1.29090909090909,0.331181818181818,100,1.88862624436628,0.0362182776559521,24.5356882927706
"123","White Sox",79,0.487654321,2009,1,0.3294,93.2,1.25521135891752,0.0228239640144593,15.11290838985
"124","White Sox",89,0.549382716,2008,1.62,0.3438,104.4,1.37824364883556,0.0346980627060871,23.2579735431386
"125","White Sox",72,0.444444444,2007,0.9,0.32975,94.75,1.26829469311017,0.0424322990185542,28.3233876101409
"126","White Sox",90,0.555555556,2006,1.83636363636364,0.343272727272727,101.363636363636,1.67885242190773,0.0485202862915934,32.2405729703203
"127","White Sox",99,0.611111111,2005,2.26666666666667,0.332222222222222,99.8888888888889,1.25797456254091,0.0257671194440598,17.2296578930375
"128","White Sox",83,0.512345679,2004,2.27,0.3497,107.7,2.12710026927636,0.0459034009875327,30.4340817724691
"129","White Sox",86,0.530864198,2003,2.4875,0.3405,104,1.94821346732993,0.0420611799304639,28.2185349422275
"130","White Sox",81,0.5,2002,1.8,0.337666666666667,102.777777777778,1.37477270848675,0.0449527529746511,30.3140964642597
"131","White Sox",83,0.512345679,2001,2.1,0.3455,109.5,1.23378370155478,0.0239037421524097,16.0502682566713
"132","White Sox",95,0.586419753,2000,2.5125,0.357,106.125,1.87573795001937,0.0472833404669582,30.3806211729968
"133","White Sox",75,0.462962963,1999,1.41,0.3405,97.2,2.4108320371007,0.0390391541347345,25.1298848208883
"134","White Sox",80,0.49382716,1998,2.16,0.3402,103.1,2.63489405226599,0.0430808026336042,27.6182306939939
"135","White Sox",80,0.49382716,1997,1.5375,0.3305,98.5,3.12544282576771,0.0607194955747917,39.5040685065656
"136","White Sox",85,0.524691358,1996,2.33,0.3495,104.8,2.55562560290474,0.0556961000031021,34.5568774309511
"137","Reds",67,0.413580247,2018,2.2,0.33925,110.375,1.69368575260331,0.0355758746504265,23.6216456424429
"138","Reds",68,0.419753086,2017,2.43333333333333,0.340888888888889,106.111111111111,2.23047080231955,0.0506913317156998,33.5426759682514
"139","Reds",68,0.419753086,2016,1.83333333333333,0.326888888888889,99.8888888888889,1.51244834622542,0.0349229310211945,23.4651041146446
"140","Reds",64,0.395061728,2015,1.74444444444444,0.314777777777778,97,2.60821352227493,0.0500294357797931,34.358405085219
"141","Reds",76,0.469135802,2014,1.24545454545455,0.306,91.7272727272727,1.81844089063331,0.0413182768275735,28.284592657809
"142","Reds",90,0.555555556,2013,2.8875,0.32325,101.75,2.43629548993666,0.0526708105663306,36.6596313596928
"143","Reds",97,0.598765432,2012,2.53,0.3343,107.7,1.47877576994546,0.0472441648366347,32.0279391920381
"144","Reds",79,0.487654321,2011,2.40909090909091,0.324,101.545454545455,2.11776039506576,0.0436210958138376,29.75017188644
"145","Reds",91,0.561728395,2010,3.3125,0.3525,115.125,2.32467355619174,0.0419965985017154,27.9511691552045
"146","Reds",78,0.481481481,2009,1.55454545454545,0.322636363636364,91.4545454545455,1.50090881559383,0.0460983139111893,30.9074865893804
"147","Reds",74,0.456790123,2008,1.4125,0.3235,90.125,1.75697589218358,0.0460093158268751,30.3947246362635
"148","Reds",72,0.444444444,2007,1.51666666666667,0.3495,103.75,1.46959074905123,0.0367262601120531,23.7912321512091
"149","Reds",80,0.49382716,2006,1.9625,0.35375,108.625,1.30814754519511,0.0188205814393255,12.1059312499523
"150","Reds",73,0.450617284,2005,2.29,0.3578,115.1,1.32451248893068,0.02292402912036,15.117686477912
"151","Reds",76,0.469135802,2004,1.92,0.3454,104.6,1.7750117370504,0.0347409460627274,22.9259678094514
"152","Reds",69,0.425925926,2003,0.828571428571429,0.319285714285714,88.4285714285714,0.822018421760903,0.0367637243566458,24.0128933620888
"153","Reds",78,0.481481481,2002,2.025,0.331875,97.875,1.84371519337606,0.0356227756197793,23.5762440968507
"154","Reds",66,0.407407407,2001,0.955555555555556,0.331555555555556,95.6666666666667,1.22383731671239,0.049809916460257,32.0039060116105
"155","Reds",85,0.524691358,2000,2.16363636363636,0.360909090909091,107.272727272727,1.60391566316482,0.0370525425455651,23.6604772102801
"156","Reds",96,0.592592593,1999,3.17,0.3607,107.3,1.4996666296214,0.022886434604125,14.4302922123335
"157","Reds",77,0.475308642,1998,2.04285714285714,0.345,105.142857142857,1.83471809174883,0.0281720902076269,18.3251063792144
"158","Reds",76,0.469135802,1997,0.691666666666667,0.323333333333333,91.25,1.29997086214432,0.039873284137111,26.2093841625823
"159","Reds",81,0.5,1996,1.62727272727273,0.341818181818182,106.090909090909,2.11428044927389,0.0410750975210484,27.7973183794932
"160","Indians",91,0.561728395,2018,2.86666666666667,0.336777777777778,108.777777777778,3.00749064836451,0.0321122164361858,22.0328038262143
"161","Indians",102,0.62962963,2017,2.6,0.346,111.9,1.97596671137052,0.0338460567209174,22.9755909124831
"162","Indians",94,0.580246914,2016,2.32,0.3239,98.1,2.13998961575881,0.0490361544622378,33.6731016952371
"163","Indians",81,0.5,2015,1.75555555555556,0.311,93.5555555555556,1.8987569032864,0.0414939754663252,28.6230288016097
"164","Indians",85,0.524691358,2014,1.55,0.3156,100.2,2.55745098790877,0.0385031023281097,26.6449911907577
"165","Indians",92,0.567901235,2013,2.11818181818182,0.327727272727273,106.818181818182,1.46411623979668,0.0351513610236955,24.1818865344215
"166","Indians",68,0.419753086,2012,1.2,0.319111111111111,102.777777777778,1.73493515728975,0.0286288510267372,19.607254893137
"167","Indians",80,0.49382716,2011,1,0.321333333333333,103.666666666667,1.52233373476383,0.0262059153627573,17.7270979012358
"168","Indians",69,0.425925926,2010,0.57,0.3046,89.4,2.22812826281513,0.0429216340167364,29.0409672321322
"169","Indians",65,0.401234568,2009,1.675,0.337875,103.25,1.72191753577226,0.0262593520755667,17.4826444550834
"170","Indians",81,0.5,2008,1.96666666666667,0.333,102.333333333333,2.12274836145517,0.0379928222886185,25.5141078027372
"171","Indians",96,0.592592593,2007,2.05,0.337,104.6,2.38758362273566,0.0355465266313821,23.6652581740501
"172","Indians",78,0.481481481,2006,2.61428571428571,0.355428571428571,113.714285714286,3.22873998717176,0.052108403490087,34.2622935879191
"173","Indians",93,0.574074074,2005,3.12,0.3426,111.6,2.2389481657441,0.0430998839905631,29.2316419122992
"174","Indians",80,0.49382716,2004,2.78888888888889,0.353777777777778,115.444444444444,1.39861042149382,0.0284770863053867,18.9282270109426
"175","Indians",68,0.419753086,2003,1.12727272727273,0.315636363636364,91.7272727272727,1.42624746035946,0.0422664707002435,28.2173383191644
"176","Indians",74,0.456790123,2002,1.37,0.3195,94.1,2.65248311336126,0.0641409039190715,43.0927939322677
"177","Indians",91,0.561728395,2001,2.05,0.343416666666667,109.166666666667,2.429552895643,0.0503830027856317,33.943357452549
"178","Indians",90,0.555555556,2000,3.2,0.370875,113.375,1.80712874076926,0.0524579763783763,33.4234199327358
"179","Indians",97,0.598765432,1999,3.44,0.3682,113.2,3.00044441152751,0.0524993121648063,33.9339227191775
"180","Indians",89,0.549382716,1998,3.08888888888889,0.360111111111111,112.111111111111,1.80239038809885,0.0431956144893334,28.0421310016038
"181","Indians",86,0.530864198,1997,3.45555555555556,0.368888888888889,119.444444444444,1.21974496423547,0.0455369203077142,29.6104335965851
"182","Indians",99,0.611111111,1996,4.08571428571429,0.384285714285714,122.142857142857,2.01033046323946,0.0510415330416132,31.6092210777624
"183","Rockies",91,0.561728395,2018,2.01111111111111,0.345333333333333,101.222222222222,2.16993343471893,0.0304877024388523,20.3271848627508
"184","Rockies",87,0.537037037,2017,1.71111111111111,0.341555555555556,93.4444444444444,2.64832232009457,0.043041001124251,28.4302264812959
"185","Rockies",75,0.462962963,2016,1.53636363636364,0.343909090909091,98.0909090909091,2.49410213394429,0.0428869549990543,28.7939387561151
"186","Rockies",68,0.419753086,2015,1.87142857142857,0.340142857142857,99.8571428571429,1.6234883078465,0.02770336063506,18.7476982714196
"187","Rockies",66,0.407407407,2014,1.47272727272727,0.348636363636364,105.454545454545,1.77374795790772,0.0442386092170012,30.1640966593188
"188","Rockies",74,0.456790123,2013,1.39090909090909,0.337909090909091,97.2727272727273,2.08204444979186,0.0494599930154757,34.5458851647802
"189","Rockies",64,0.395061728,2012,0.84,0.3443,99.3,1.30059815298791,0.0253729952683732,16.9970585690584
"190","Rockies",73,0.450617284,2011,1.8875,0.349,105.375,1.90445905330471,0.035136468641163,24.153896461766
"191","Rockies",83,0.512345679,2010,1.41818181818182,0.344454545454545,98.5454545454545,2.24090079290368,0.0367977272025424,24.675346548179
"192","Rockies",92,0.567901235,2009,1.64545454545455,0.352636363636364,103.636363636364,1.62503146822678,0.0362278145277154,24.2168236037377
"193","Rockies",74,0.456790123,2008,0.95,0.3485,101,1.67141747138061,0.0386040506588716,25.3305421109846
"194","Rockies",90,0.555555556,2007,2.59,0.3579,105.2,2.18400752949455,0.0437428089328216,28.2795568093514
"195","Rockies",76,0.469135802,2006,2.14285714285714,0.355428571428571,102.857142857143,2.16783851094213,0.0559131980330737,36.5532879115252
"196","Rockies",67,0.413580247,2005,1.03,0.3352,91.8,1.55781185570587,0.0357298505765448,23.4937343893123
"197","Rockies",68,0.419753086,2004,1.8875,0.35975,103.625,2.42924885509904,0.0446374282413313,29.4372819979796
"198","Rockies",74,0.456790123,2003,2.2875,0.362,103.5,2.11013709778028,0.0451726845402333,29.5296461204668
"199","Rockies",73,0.450617284,2002,1.025,0.333625,83.875,2.9129023327259,0.0603937969851682,39.9229167986795
"200","Rockies",73,0.450617284,2001,3.25714285714286,0.378428571428571,109.142857142857,3.07346554823549,0.0559102171427762,36.3200062932657
"201","Rockies",82,0.50617284,2000,2.25714285714286,0.378428571428571,99,2.85998667995566,0.0524018356639572,33.7243729865113
"202","Rockies",72,0.444444444,1999,0.825,0.373375,96.25,2.33589994893372,0.0637202311447695,40.538341639208
"203","Rockies",77,0.475308642,1998,1.7,0.3655,97.5,2.32132966822281,0.0532138542647898,34.9938770154356
"204","Rockies",83,0.512345679,1997,1.94,0.3734,101.8,2.94550505007206,0.0604082407917625,39.5243947174119
"205","Rockies",83,0.512345679,1996,2.21111111111111,0.374777777777778,105,2.23743404620362,0.0334281983427831,22.3830292855994
"206","Tigers",64,0.395061728,2018,0.877777777777778,0.299777777777778,87.4444444444444,1.58412261029393,0.032131673539429,21.7089331331085
"207","Tigers",64,0.395061728,2017,0.744444444444444,0.312444444444444,92.5555555555556,1.17697824014626,0.023011470569648,15.6613466144447
"208","Tigers",86,0.530864198,2016,2.26,0.3354,109.6,1.78649252882724,0.0442899537141325,30.1927143529693
"209","Tigers",74,0.456790123,2015,1.64444444444444,0.328111111111111,105.666666666667,2.4285340800116,0.0403622485883915,27.7353564967173
"210","Tigers",90,0.555555556,2014,2.47,0.3325,112.6,1.8856475457165,0.0488154119561071,34.2286429763144
"211","Tigers",93,0.574074074,2013,2.72,0.3441,116.2,2.39851806098868,0.0448861522818192,31.1298356350731
"212","Tigers",88,0.543209877,2012,2.3,0.3333,108.3,2.79443892201796,0.0527068412173516,36.2829926488369
"213","Tigers",95,0.586419753,2011,2.06363636363636,0.331909090909091,105.090909090909,2.40843215693228,0.052923443851387,36.0262530537233
"214","Tigers",81,0.5,2010,1.79166666666667,0.328083333333333,100.666666666667,2.07603570355238,0.0451471499821988,30.7728727448332
"215","Tigers",86,0.530864198,2009,1.34166666666667,0.330833333333333,95.6666666666667,1.7484841920066,0.0363938889309064,24.1711072200349
"216","Tigers",74,0.456790123,2008,1.51,0.3456,108.3,1.53944434419984,0.0282575456982536,19.0499343830891
"217","Tigers",88,0.543209877,2007,3.47777777777778,0.354777777777778,113.666666666667,2.97774150060821,0.0434734912842809,29.0688837074973
"218","Tigers",95,0.586419753,2006,2.43333333333333,0.344,105.666666666667,1.89604852258585,0.0252685575369866,16.9263108798108
"219","Tigers",71,0.438271605,2005,1.69090909090909,0.330181818181818,102.545454545455,1.02318575581812,0.0318741844815461,21.6303658608154
"220","Tigers",72,0.444444444,2004,1.93636363636364,0.344090909090909,109.545454545455,1.74486258901538,0.0245863968301764,16.2626174791368
"221","Tigers",43,0.265432099,2003,0.37,0.3069,87,0.832733117177673,0.0357815905490829,23.8374122383748
"222","Tigers",55,0.339506173,2002,0.23,0.2985,82.5,1.15089337280026,0.0321394530825346,21.4333592534835
"223","Tigers",66,0.407407407,2001,1.24,0.327,101.7,1.42921890089191,0.0248238236825478,16.4927593540654
"224","Tigers",79,0.487654321,2000,2.2875,0.34025,99.625,1.60840426687891,0.0270647372054487,17.3776334078361
"225","Tigers",69,0.425925926,1999,1.49090909090909,0.341,96.6363636363636,0.996448237947707,0.0231473540604536,15.0550504965791
"226","Tigers",65,0.401234568,1998,2.1625,0.326,91.125,1.32118723664957,0.0382136849084947,24.5556947133886
"227","Tigers",79,0.487654321,1997,1.03,0.333,96.1,1.65196852270254,0.0421979462375442,27.5376509931806
"228","Tigers",53,0.327160494,1996,0.816666666666667,0.355833333333333,104.5,1.78147878647675,0.0359411556111746,22.0431395223094
"229","Astros",103,0.635802469,2018,2.45,0.3315,113.1,2.25647217281017,0.027937430089398,19.1104974061669
"230","Astros",101,0.62345679,2017,3.11818181818182,0.353,124.636363636364,2.31163067197949,0.0354118624192516,23.9636087736081
"231","Astros",84,0.518518519,2016,2.68,0.3214,104.3,2.3522093633197,0.0420111096417761,28.7751822081305
"232","Astros",86,0.530864198,2015,2.01666666666667,0.324666666666667,108.333333333333,1.41024390755212,0.0254391728472353,17.5827050009808
"233","Astros",70,0.432098765,2014,1.2,0.311545454545455,101,1.83521115951271,0.0362473823506295,25.3140277316748
"234","Astros",51,0.314814815,2013,0.7875,0.311375,94.25,1.3726278238682,0.0267311348698212,18.6221833920116
"235","Astros",55,0.339506173,2012,0.533333333333333,0.305111111111111,89.2222222222222,1.16619037896906,0.0285413929427264,19.1362076818905
"236","Astros",56,0.345679012,2011,0.671428571428571,0.296285714285714,84.5714285714286,1.61112205798142,0.0297641522960887,20.3294297580064
"237","Astros",76,0.469135802,2010,1.08571428571429,0.305714285714286,86.8571428571429,2.05136423828028,0.0431227483884252,28.8353288602053
"238","Astros",74,0.456790123,2009,1.7625,0.3345,103,1.62738835473984,0.0325313036056921,21.8108753999991
"239","Astros",86,0.530864198,2008,2.13636363636364,0.332090909090909,100.272727272727,2.16899641644366,0.0487308004150446,31.8875866414845
"240","Astros",73,0.450617284,2007,1.36666666666667,0.340333333333333,102.555555555556,1.58666316526224,0.0401932830209228,26.3111721095389
"241","Astros",82,0.50617284,2006,2.08888888888889,0.329888888888889,95.5555555555556,2.11331756040381,0.0490572228230575,31.9730789536725
"242","Astros",89,0.549382716,2005,2.01111111111111,0.330666666666667,98.6666666666667,1.90292173015894,0.0437549997143184,28.9352725924606
"243","Astros",92,0.567901235,2004,2.22222222222222,0.342,102.888888888889,2.13411444033455,0.0477257791974107,31.4541111956945
"244","Astros",87,0.537037037,2003,3.15555555555556,0.349666666666667,108.111111111111,2.14540853400414,0.0495933463279098,32.2894891738954
"245","Astros",84,0.518518519,2002,1.85,0.3398,101.8,2.05115143814937,0.0359345083295833,23.8131616268539
"246","Astros",93,0.574074074,2001,2.85,0.353875,108.75,2.33727558128201,0.0594076414036347,38.2874466559024
"247","Astros",72,0.444444444,2000,1.96923076923077,0.371846153846154,113.076923076923,2.38410871374909,0.0501345625190283,31.8916434677946
"248","Astros",97,0.598765432,1999,2.4,0.3488,106.5,2.82921268985639,0.048982536570587,31.2561105136971
"249","Astros",102,0.62962963,1998,3.85555555555556,0.367666666666667,127.111111111111,2.6958816327461,0.0420505648000119,27.5882422620781
"250","Astros",84,0.518518519,1997,3.17,0.3442,110.3,3.26872384204533,0.047163545244182,31.2340626026565
"251","Astros",82,0.50617284,1996,2.23333333333333,0.334444444444444,106.333333333333,2.48344518763753,0.043698143871082,29.4830459756111
"252","Royals",58,0.358024691,2018,1.3,0.312625,94.75,1.94128087317921,0.032473890611206,22.153683989028
"253","Royals",80,0.49382716,2017,1.65555555555556,0.321222222222222,97.6666666666667,1.78753399346076,0.0358356588392685,24.4335834457412
"254","Royals",81,0.5,2016,1.11,0.3134,93.3,0.849117188614151,0.0160706772311146,11.0659638331035
"255","Royals",95,0.586419753,2015,1.98,0.3174,98.5,2.15189838669642,0.0450165401701296,31.2525554510703
"256","Royals",89,0.549382716,2014,1.96,0.3085,94.2,1.99064478666252,0.0207592014404322,14.3588919411554
"257","Royals",86,0.530864198,2013,2.1375,0.311375,93.75,1.38247965626985,0.0344795488038096,23.8072617973112
"258","Royals",72,0.444444444,2012,1.675,0.32025,100.25,2.15919958714864,0.0341540627158761,23.5356871883651
"259","Royals",71,0.438271605,2011,2.2875,0.3285,103.25,2.10131761385225,0.0388476879253175,26.580067720004
"260","Royals",67,0.413580247,2010,0.875,0.331875,104.375,1.11194809745265,0.0387130007693982,26.3109835837214
"261","Royals",65,0.401234568,2009,0.577777777777778,0.325111111111111,92.8888888888889,1.76690249998251,0.0260597603809228,17.2658944486265
"262","Royals",75,0.462962963,2008,0.772727272727273,0.319363636363636,90,1.8281635096954,0.0272516888550883,18.3793362230522
"263","Royals",69,0.425925926,2007,1.25833333333333,0.319,89,0.962438506496846,0.0191025938267318,12.9404229240989
"264","Royals",62,0.382716049,2006,1.45454545454545,0.330272727272727,96.3636363636364,1.67890657057719,0.0365707284835588,24.1630822838177
"265","Royals",56,0.345679012,2005,0.877777777777778,0.322222222222222,92.8888888888889,1.46182914338319,0.0325759795623162,22.0252380489091
"266","Royals",58,0.358024691,2004,0.266666666666667,0.320111111111111,85.4444444444444,1.32382022948737,0.0275565076000409,18.3242401691797
"267","Royals",83,0.512345679,2003,1.54,0.3387,100,2.30082110946892,0.0312980297569458,21.0185103605793
"268","Royals",62,0.382716049,2002,0.836363636363636,0.316272727272727,84.8181818181818,2.51883811598631,0.0518827349107406,34.6202778204282
"269","Royals",65,0.401234568,2001,1.2375,0.3255,90.125,2.24622699527134,0.0411617020333916,27.6738014322985
"270","Royals",77,0.475308642,2000,2.05,0.3471,95.1,1.47441137030643,0.0404102572237407,26.0488856660788
"271","Royals",64,0.395061728,1999,2.4,0.345111111111111,96.2222222222222,1.8165902124585,0.0338985414304379,22.0894645576674
"272","Royals",72,0.444444444,1998,0.922222222222222,0.326777777777778,90.3333333333333,1.64451951780587,0.0291237779905775,18.6547581061776
"273","Royals",67,0.413580247,1997,1.62222222222222,0.326444444444444,91.5555555555556,1.90445384413601,0.0332757836538492,21.7319529213961
"274","Royals",75,0.462962963,1996,0.575,0.32575,85,1.01006300433551,0.029023892978654,17.8478417335389
"275","Angels",80,0.49382716,2018,2.47777777777778,0.325777777777778,108.555555555556,3.41019712691868,0.0605573649067101,41.2040990409665
"276","Angels",80,0.49382716,2017,1.97777777777778,0.318444444444444,100.333333333333,2.74033655678357,0.0474318224167887,32.310988842807
"277","Angels",74,0.456790123,2016,2.34444444444444,0.324555555555556,105.777777777778,2.98668340769118,0.0468057451364443,32.108323600656
"278","Angels",85,0.524691358,2015,2.02,0.3111,99,2.80507476628422,0.0439329033868694,30.3571335200733
"279","Angels",98,0.604938272,2014,2.97272727272727,0.328727272727273,115.272727272727,2.24146867436996,0.0303680454066142,21.3498988713807
"280","Angels",78,0.481481481,2013,2.23333333333333,0.330888888888889,113,3.13368792319848,0.0364569761652158,24.9899979991996
"281","Angels",89,0.549382716,2012,2.94545454545455,0.332818181818182,114.727272727273,2.79118743059782,0.0344697495837094,23.7195738119002
"282","Angels",86,0.530864198,2011,2.35,0.3142,99.5,1.85367502845324,0.0386287170092119,26.2519840520039
"283","Angels",80,0.49382716,2010,1.82857142857143,0.331571428571429,108.571428571429,0.876953601422344,0.0265634908778769,17.8685677737673
"284","Angels",97,0.598765432,2009,2.59166666666667,0.345916666666667,108.75,1.94770649895219,0.0301223515118933,19.8362615612739
"285","Angels",100,0.617283951,2008,1.42727272727273,0.326,97.1818181818182,1.26102411482962,0.0370998652288657,24.8145851539702
"286","Angels",94,0.580246914,2007,2.46,0.3486,110.8,1.20664825031987,0.0222321089118119,15.0834714542479
"287","Angels",89,0.549382716,2006,1.68888888888889,0.338333333333333,102.666666666667,1.1645218379709,0.0290172362570938,19.1963538204525
"288","Angels",95,0.586419753,2005,1.8,0.322,97.6,1.95163748910726,0.0322145584755989,21.6599989740433
"289","Angels",92,0.567901235,2004,2.53333333333333,0.340777777777778,107.555555555556,1.63477827242718,0.0315229193515519,21.000661365247
"290","Angels",77,0.475308642,2003,1.75833333333333,0.322166666666667,95.8333333333333,1.74640323019177,0.032799205459704,21.8832992914411
"291","Angels",99,0.611111111,2002,2.78,0.3396,107.2,1.56687941817841,0.0359017176933546,24.1145414866448
"292","Angels",75,0.462962963,2001,1.86,0.3216,95.3,1.56076904121013,0.0284612797401038,18.9915185748212
"293","Angels",82,0.50617284,2000,3.07,0.358,107.6,3.08690783795046,0.0437492857084547,28.0325207967857
"294","Angels",70,0.432098765,1999,0.76,0.3116,77.1,1.55863187871073,0.0482544183354114,31.2639302285131
"295","Angels",85,0.524691358,1998,1.4625,0.338625,100,1.76387357823626,0.0386039875808557,24.9112711151284
"296","Angels",84,0.518518519,1997,2.75714285714286,0.344285714285714,104.714285714286,1.48082988315915,0.0416481863779376,27.1950625770824
"297","Angels",70,0.432098765,1996,1.38,0.3381,94.6,1.71126983390827,0.0474071021402209,29.0677369833521
"298","Dodgers",92,0.567901235,2018,3.36666666666667,0.358666666666667,129.222222222222,1.25399362039845,0.0250699022734433,16.8877009816151
"299","Dodgers",104,0.641975309,2017,2.91666666666667,0.34125,112.5,2.14850194462574,0.0378204490142088,24.8138524362355
"300","Dodgers",91,0.561728395,2016,2.98888888888889,0.335777777777778,111.777777777778,2.30566934123502,0.0239936334148133,15.9669798159967
"301","Dodgers",92,0.567901235,2015,2.52222222222222,0.333555555555556,114.888888888889,1.39084306966834,0.0281784985011228,19.4771946417114
"302","Dodgers",94,0.580246914,2014,2.71,0.3422,122.8,2.04637891571103,0.0374337934076803,25.6159672426746
"303","Dodgers",92,0.567901235,2013,2.27272727272727,0.336272727272727,117.363636363636,1.63712608499829,0.0457604434180678,31.8096611967897
"304","Dodgers",86,0.530864198,2012,1.24444444444444,0.313666666666667,98.4444444444444,1.79660173042825,0.0438577245191768,29.5555033416414
"305","Dodgers",82,0.50617284,2011,2.25,0.318125,103.375,2.64683098926136,0.0478343495827005,32.7149485272842
"306","Dodgers",80,0.49382716,2010,2.18571428571429,0.332285714285714,108,1.45994129040471,0.0227721634582977,15.3514385862259
"307","Dodgers",95,0.586419753,2009,2.88888888888889,0.347,113,1.19942115668814,0.0279016128566074,18.7149672722129
"308","Dodgers",84,0.518518519,2008,1.85,0.328625,98,2.8228658183788,0.0335599144388489,22.2261107708929
"309","Dodgers",82,0.50617284,2007,1.85555555555556,0.348222222222222,108.555555555556,1.75150728738929,0.0346366055560363,22.4059763852812
"310","Dodgers",88,0.543209877,2006,2.2375,0.3545,112.875,1.24663833683115,0.0188148877222268,12.4835606184408
"311","Dodgers",71,0.438271605,2005,0.853846153846154,0.328,98.5384615384615,1.27254036256575,0.0385594778664511,25.4087103982584
"312","Dodgers",93,0.574074074,2004,3.85,0.352333333333333,114.333333333333,2.93989795741281,0.0381191115671216,25.1449133358353
"313","Dodgers",85,0.524691358,2003,1.24444444444444,0.311111111111111,90.1111111111111,1.17910041038827,0.0319156875393765,20.8233309321806
"314","Dodgers",92,0.567901235,2002,2.23,0.3254,101.9,1.55995014165339,0.0404974621975803,26.6310178384363
"315","Dodgers",86,0.530864198,2001,1.64,0.328,101.4,2.75769630106161,0.0563323471314069,36.3599291039524
"316","Dodgers",86,0.530864198,2000,2.42222222222222,0.359333333333333,114.777777777778,2.06505313356447,0.0465778917513449,29.6638575449055
"317","Dodgers",77,0.475308642,1999,2.13,0.3437,104.1,1.66869876117757,0.0358299998449468,22.8203125891533
"318","Dodgers",83,0.512345679,1998,1.38,0.325,100.2,1.13004424692133,0.0326573115856159,21.5220816837034
"319","Dodgers",88,0.543209877,1997,2.4125,0.342625,110.5,3.32713411640881,0.0559334745159692,36.9517059339426
"320","Dodgers",90,0.555555556,1996,2.18571428571429,0.335428571428571,110.285714285714,2.7125809182576,0.0470101306204565,31.7894861325475
"321","Marlins",63,0.388888889,2018,1.68571428571429,0.305571428571429,94.7142857142857,1.95314154754895,0.0363632467511595,24.322241438063
"322","Marlins",77,0.475308642,2017,3.75,0.35075,119.625,1.98925686052427,0.0360307408432617,23.8383694312941
"323","Marlins",79,0.487654321,2016,1.96363636363636,0.320272727272727,102.272727272727,1.67467771662056,0.0361886471399275,24.4952685598297
"324","Marlins",71,0.438271605,2015,1.9,0.3229,106,1.7326921891156,0.0388885873004179,26.6916549588901
"325","Marlins",77,0.475308642,2014,2.1125,0.324,106.75,2.83318977227334,0.0382099463490856,26.1520280557469
"326","Marlins",62,0.382716049,2013,0.616666666666667,0.291083333333333,83.3333333333333,1.18231924110148,0.037741846400209,26.234374858998
"327","Marlins",69,0.425925926,2012,1.31111111111111,0.318444444444444,99.6666666666667,2.04538776546432,0.0514322639767858,34.8425027803687
"328","Marlins",72,0.444444444,2011,1.48888888888889,0.325222222222222,102.333333333333,1.58228035161633,0.0282656053259867,19.4486503387767
"329","Marlins",80,0.49382716,2010,1.64444444444444,0.335777777777778,104.555555555556,1.75364699349036,0.0369045314892961,24.6936789032695
"330","Marlins",87,0.537037037,2009,1.63,0.3411,104.4,2.17309303375013,0.0343331715206543,23.2770750357991
"331","Marlins",84,0.518518519,2008,1.95,0.341,103.6,2.65507899024576,0.0343025752191678,22.4558826739602
"332","Marlins",71,0.438271605,2007,2.35,0.35225,109.5,1.94348729276599,0.0431467595207665,28.1171020656722
"333","Marlins",78,0.481481481,2006,1.99,0.3408,104.4,2.32973532116133,0.0478558019238815,31.3127592027418
"334","Marlins",83,0.512345679,2005,1.74,0.3355,104.8,1.76584886732195,0.0411237968415693,27.0505699262203
"335","Marlins",83,0.512345679,2004,2.1125,0.333875,102.875,1.51321559223114,0.0312429992158243,20.3921378407043
"336","Marlins",91,0.561728395,2003,2.72222222222222,0.343111111111111,109.444444444444,2.08073170890541,0.0236983356190073,15.3713297335584
"337","Marlins",79,0.487654321,2002,1.75555555555556,0.331333333333333,103.222222222222,0.995127015901879,0.0316227766016838,20.6868181324351
"338","Marlins",76,0.469135802,2001,2.46666666666667,0.338444444444444,106.333333333333,2.08746257451481,0.0409057181550181,26.542418879974
"339","Marlins",79,0.487654321,2000,1.8625,0.348125,104.875,1.68687157610937,0.0463509516006491,29.7150154443363
"340","Marlins",64,0.395061728,1999,1.14545454545455,0.338818181818182,98.4545454545455,0.625081812827147,0.0234853919780709,14.9556921361978
"341","Marlins",54,0.333333333,1998,1.1125,0.31025,88,1.41566491192554,0.0272121296483756,17.872564769181
"342","Marlins",92,0.567901235,1997,1.69,0.3341,101.9,1.63601820147441,0.0354884957885416,23.3972932907491
"343","Marlins",80,0.49382716,1996,2.725,0.346125,111,2.1218253597181,0.049981246483056,33.6452076825214
"344","Brewers",96,0.592592593,2018,2.63333333333333,0.334666666666667,107.888888888889,2.62488094968134,0.049623583103198,33.0168307248153
"345","Brewers",86,0.530864198,2017,1.51818181818182,0.333454545454545,101.818181818182,1.16774841624228,0.0297669737674613,19.2915431306994
"346","Brewers",73,0.450617284,2016,1.07777777777778,0.323,97.5555555555556,1.42107158315281,0.0379110801745347,25.3037107511483
"347","Brewers",68,0.419753086,2015,1.1875,0.31125,93.375,1.07229726688611,0.0417466850694245,28.5453899205158
"348","Brewers",82,0.50617284,2014,2.19,0.3299,106.4,2.62104728856404,0.0314623231465475,21.4693580093428
"349","Brewers",74,0.456790123,2013,2.04,0.3176,96.6,2.94248572166837,0.0456853976184465,31.770706283899
"350","Brewers",83,0.512345679,2012,3.2,0.346888888888889,114.555555555556,2.39217474278114,0.041425971456456,27.7403636922405
"351","Brewers",96,0.592592593,2011,3,0.3385,111.2,2.57983634278525,0.053039293610178,36.2607838365974
"352","Brewers",77,0.475308642,2010,2.54444444444444,0.333333333333333,104,1.92296068024746,0.0449666543118342,29.9374347598454
"353","Brewers",80,0.49382716,2009,2.65,0.34975,112.5,2.06674347015506,0.0471070210114313,31.8343929018377
"354","Brewers",90,0.555555556,2008,2.23333333333333,0.334777777777778,101.333333333333,1.54434452114805,0.0303841150018302,20.0561711201316
"355","Brewers",83,0.512345679,2007,2.12727272727273,0.343545454545455,104.727272727273,1.65293128053825,0.0457741491157698,29.5197930517506
"356","Brewers",75,0.462962963,2006,1.49,0.343,103.4,1.42785775824407,0.0224400435729424,14.9235086729332
"357","Brewers",81,0.5,2005,2.25,0.343,106.125,1.56479117730496,0.0227658892706987,14.999404750094
"358","Brewers",67,0.413580247,2004,1,0.3178,88,1.42750754035759,0.037398158005739,24.7206616236522
"359","Brewers",68,0.419753086,2003,1.31,0.3386,102.4,1.47531540883824,0.036402686103577,23.749619879999
"360","Brewers",56,0.345679012,2002,1.06666666666667,0.321111111111111,92.8888888888889,1.87149672722129,0.0412293719466003,27.1221516681681
"361","Brewers",68,0.419753086,2001,1.64444444444444,0.334,99.1111111111111,1.10352969048312,0.0298077171215778,19.432218378536
"362","Brewers",73,0.450617284,2000,1.09,0.328,88.3,1.6203223273301,0.0304740326617051,19.4824707536459
"363","Brewers",74,0.456790123,1999,1.87,0.358,107.4,2.27158779515807,0.0456362429069995,28.9796863720473
"364","Brewers",74,0.456790123,1998,1.91,0.3304,97.2,2.1299191429619,0.0347761092961501,22.8755084946519
"365","Brewers",78,0.481481481,1997,1.63333333333333,0.323888888888889,89,1.97484176581315,0.0376079926493174,24.6069095987286
"366","Brewers",80,0.49382716,1996,1.6,0.339444444444444,92.4444444444444,2.03776838723148,0.0526832779710771,32.5158081212474
"367","Twins",78,0.481481481,2018,1.03,0.3173,97.4,1.21842338928451,0.0200224873579683,13.6235090927411
"368","Twins",85,0.524691358,2017,2.08181818181818,0.331272727272727,103.818181818182,1.30905934305377,0.0201349989276926,13.7682110807336
"369","Twins",59,0.364197531,2016,1.14545454545455,0.320363636363636,97.6363636363636,1.81513836186867,0.028566668434638,19.5768880431632
"370","Twins",83,0.512345679,2015,1.28,0.3104,92.9,1.50687314219435,0.0410858180452141,28.3566570667277
"371","Twins",70,0.432098765,2014,2.0625,0.329,109.375,1.8446350781194,0.0163619768278251,11.2241767117746
"372","Twins",66,0.407407407,2013,0.95,0.3073,90.8,1.81674311765741,0.0344417382449454,23.8504600468093
"373","Twins",66,0.407407407,2012,1.44,0.32,100.3,1.87094747239051,0.039208842540087,26.8909319701312
"374","Twins",63,0.388888889,2011,0.590909090909091,0.296818181818182,82.8181818181818,1.40246536175019,0.0389661858072308,26.5285438040545
"375","Twins",94,0.580246914,2010,2.38181818181818,0.349636363636364,116.363636363636,1.85192774255271,0.0531738144715474,36.1310745128697
"376","Twins",87,0.537037037,2009,2.01818181818182,0.333,100.363636363636,2.67574968254438,0.0557763390695374,36.9439378715175
"377","Twins",88,0.543209877,2008,1.96,0.334,103,1.98449545784873,0.0292612751298063,19.6185852927496
"378","Twins",79,0.487654321,2007,1.84444444444444,0.326555555555556,97.1111111111111,1.26896720910265,0.0315044088625351,21.2158221879594
"379","Twins",96,0.592592593,2006,2.51111111111111,0.337222222222222,102.777777777778,2.10145452273208,0.044798933519052,29.6638575449055
"380","Twins",83,0.512345679,2005,1.28181818181818,0.316636363636364,92.4545454545455,1.02744165948066,0.0218507332932912,14.868514628998
"381","Twins",92,0.567901235,2004,1.35454545454545,0.331,97.3636363636364,1.13522124395524,0.0291753320460967,19.3094418732014
"382","Twins",90,0.555555556,2003,2.21111111111111,0.336333333333333,102.888888888889,1.78076138522574,0.027712812921102,18.7579612727799
"383","Twins",94,0.580246914,2002,2.34545454545455,0.337545454545455,103.454545454545,1.78065360829311,0.0327333580201104,21.937928964985
"384","Twins",85,0.524691358,2001,2.05555555555556,0.331888888888889,99.4444444444444,2.21196242684585,0.0252261989033447,16.904963110808
"385","Twins",69,0.425925926,2000,0.766666666666667,0.337555555555556,93,1.0758717395675,0.0276817228108689,17.5
"386","Twins",63,0.388888889,1999,0.130769230769231,0.319076923076923,80.8461538461538,1.47444035449874,0.0317607240116404,20.5095349932909
"387","Twins",70,0.432098765,1998,-0.0272727272727273,0.322363636363636,86.6363636363636,1.4960554194888,0.0310105553877151,20.0063626242889
"388","Twins",68,0.419753086,1997,1.28,0.327,90.7,1.94239256817176,0.0198997487421324,13.1068260417574
"389","Twins",78,0.481481481,1996,1.97272727272727,0.346818181818182,98.7272727272727,2.35630681749678,0.0434875112689107,26.721118648331
"390","Mets",77,0.475308642,2018,1.2875,0.311,99.25,1.7553489681542,0.0385931155962896,25.8940147524481
"391","Mets",70,0.432098765,2017,1.91428571428571,0.333857142857143,109.142857142857,1.14371991243278,0.036475693145932,23.9055681897794
"392","Mets",87,0.537037037,2016,1.79,0.3238,105.5,1.59614118005478,0.0308141381692091,20.9403915913719
"393","Mets",90,0.555555556,2015,2.11111111111111,0.315666666666667,102.888888888889,1.62975799157762,0.0369729630946723,25.2063704469944
"394","Mets",79,0.487654321,2014,1.93333333333333,0.310444444444444,100.666666666667,0.845576726264388,0.024541348328439,16.6508258053467
"395","Mets",74,0.456790123,2013,1.91666666666667,0.314166666666667,102.333333333333,2.21938429900427,0.0472331098559757,32.8674104040258
"396","Mets",74,0.456790123,2012,1.66666666666667,0.316444444444444,101.333333333333,2,0.0328142922790935,22.1076909694341
"397","Mets",77,0.475308642,2011,1.42,0.3289,109.2,1.77751386930048,0.027786687460005,19.1937489824161
"398","Mets",79,0.487654321,2010,1.9375,0.32325,100.625,1.75819509725172,0.0320568691101121,21.4005173502218
"399","Mets",70,0.432098765,2009,1.4,0.339222222222222,107.666666666667,1.35462171841441,0.0340946395265362,22.8418475610008
"400","Mets",89,0.549382716,2008,2.78,0.3417,107.1,2.77960828575219,0.0374048422296128,24.6100702062297
"401","Mets",88,0.543209877,2007,3.1,0.355571428571429,113.428571428571,3.27973576171415,0.0383095164106655,24.9923797910293
"402","Mets",97,0.598765432,2006,3.23333333333333,0.347888888888889,109,2.59374246986859,0.0411048794075729,26.8281568505926
"403","Mets",83,0.512345679,2005,1.52727272727273,0.326272727272727,98,1.89319355011098,0.0354347030722452,23.3323809329438
"404","Mets",71,0.438271605,2004,0.925,0.329875,98.375,1.5021413287133,0.0293278877521038,19.1157190365865
"405","Mets",66,0.407407407,2003,0.7,0.3241,95.5,0.994428926011753,0.0368282801963684,24.185624747863
"406","Mets",75,0.462962963,2002,1.825,0.326125,99.625,2.03943269422791,0.0400087044100584,26.2620720540369
"407","Mets",82,0.50617284,2001,1.32727272727273,0.324636363636364,97.4545454545455,1.46430250227944,0.0362967566795512,23.5769533076843
"408","Mets",94,0.580246914,2000,3.18571428571429,0.369857142857143,119.285714285714,2.03423087138487,0.0380763643722654,24.2742269750881
"409","Mets",97,0.598765432,1999,3.9,0.37175,119.25,2.30465367711259,0.0379275625370258,24.2413460258059
"410","Mets",88,0.543209877,1998,1.84285714285714,0.325,97.5714285714286,3.20824829819282,0.0586827629433607,38.7679297996731
"411","Mets",88,0.543209877,1997,2.16666666666667,0.331333333333333,100.444444444444,2.1342445970413,0.0522613624009172,34.380630851946
"412","Mets",71,0.438271605,1996,3.07142857142857,0.335571428571429,105,3.14415557593995,0.0513123024327732,34.6938995598169
"413","Yankees",100,0.617283951,2018,2.63636363636364,0.333545454545455,109.454545454545,1.84676621545486,0.0346074085604907,23.5047384004317
"414","Yankees",91,0.561728395,2017,2.66363636363636,0.335636363636364,107.454545454545,2.44142283403458,0.044625716189822,30.4380145093718
"415","Yankees",84,0.518518519,2016,1.475,0.306375,88.75,1.38950145221741,0.0186082738893982,12.5442075420149
"416","Yankees",87,0.537037037,2015,1.95,0.3262,105.3,0.948976056365784,0.0304878846611422,21.0610224506472
"417","Yankees",84,0.518518519,2014,1.55,0.307375,95.375,1.70880074906351,0.0174841765196828,12.3512578885137
"418","Yankees",85,0.524691358,2013,1.46666666666667,0.302444444444444,87,2.15058131676066,0.0370948483994446,25.3722289127305
"419","Yankees",95,0.586419753,2012,3.02,0.3444,115.1,2.06063636341355,0.0252155155057798,17.3233945865122
"420","Yankees",97,0.598765432,2011,3.48,0.3445,113.3,2.57845776471992,0.0291937969058116,19.8273100097371
"421","Yankees",95,0.586419753,2010,3.5,0.354,117.333333333333,2.32002155162404,0.0254411084664171,17.4212513901843
"422","Yankees",103,0.635802469,2009,3.35,0.3722,122.2,1.7148048155856,0.0260076911701135,17.0736964688702
"423","Yankees",89,0.549382716,2008,2.43333333333333,0.341111111111111,106.555555555556,1.92158788505756,0.0484598917777486,32.3539453201272
"424","Yankees",94,0.580246914,2007,3.71111111111111,0.369111111111111,124.111111111111,2.76335142736336,0.0399231901419602,26.7742621020844
"425","Yankees",97,0.598765432,2006,2.52222222222222,0.361333333333333,117.222222222222,2.382633930012,0.0371382552094198,24.615938829231
"426","Yankees",95,0.586419753,2005,2.17,0.3538,118.3,3.4364225584174,0.0548792614138832,37.2888127399567
"427","Yankees",101,0.62345679,2004,1.85,0.343333333333333,107.833333333333,2.46521251158449,0.0408218598599359,27.0717341128859
"428","Yankees",101,0.62345679,2003,3.24285714285714,0.373142857142857,129.571428571429,2.43369208053466,0.0253865356139074,16.9101265800224
"429","Yankees",103,0.635802469,2002,3.42222222222222,0.356888888888889,119.333333333333,2.57331390320817,0.0450012345509666,30.2654919008431
"430","Yankees",95,0.586419753,2001,2.03,0.3419,110.4,1.64792799195434,0.0246416539848913,16.6145852925809
"431","Yankees",87,0.537037037,2000,2.175,0.354125,107,2.38492287985527,0.0409893278793395,26.2624120315383
"432","Yankees",98,0.604938272,1999,2.76666666666667,0.363,114.444444444444,2.1868927728629,0.0378747937288112,24.4903609156292
"433","Yankees",114,0.703703704,1998,3.2,0.362545454545455,117.818181818182,1.96112212776257,0.0310720570170809,19.9840845765733
"434","Yankees",96,0.592592593,1997,2.52222222222222,0.358111111111111,116.222222222222,1.86934331904133,0.0387699769294632,25.3514189828586
"435","Yankees",92,0.567901235,1996,2.3875,0.35825,109,1.1432253871019,0.025058502976606,15.5838744494796
"436","Athletics",97,0.598765432,2018,3.12222222222222,0.335222222222222,114.111111111111,1.83083162645953,0.0303429471944378,20.8053144920021
"437","Athletics",75,0.462962963,2017,1.7375,0.328625,106.375,1.34900757172502,0.0210979856858421,14.5890124996274
"438","Athletics",69,0.425925926,2016,0.85,0.3175,100,1.1771636613973,0.0308035248446853,21.2333968751385
"439","Athletics",68,0.419753086,2015,1.08888888888889,0.306888888888889,94.5555555555556,1.07754865834964,0.028545772210804,19.6857252286467
"440","Athletics",88,0.543209877,2014,1.61818181818182,0.313545454545455,104,1.74058506360257,0.032885752648719,22.9782505861521
"441","Athletics",96,0.592592593,2013,2.63,0.3303,110.3,1.94995726448898,0.0301737560730439,20.6723110571712
"442","Athletics",94,0.580246914,2012,1.99,0.3329,112.4,1.26354879429152,0.0454152446260553,31.0812555158965
"443","Athletics",74,0.456790123,2011,1.07777777777778,0.310444444444444,95.6666666666667,0.933779655188763,0.0210838273986906,14.422205101856
"444","Athletics",81,0.5,2010,2.49,0.3255,103.2,1.27754104087153,0.0261417078418547,17.5106316911247
"445","Athletics",75,0.462962963,2009,1.71428571428571,0.325,96.7142857142857,1.55072947504131,0.02,13.437686875777
"446","Athletics",75,0.462962963,2008,1.67777777777778,0.309444444444444,88.5555555555556,1.23265747247337,0.0282715011589017,19.1057001383822
"447","Athletics",76,0.469135802,2007,1.64,0.3362,104.6,1.6399186971717,0.0339830022870912,22.8628762650527
"448","Athletics",93,0.574074074,2006,1.56666666666667,0.331583333333333,99.5,1.46804343094866,0.0297702057687741,19.6167831669258
"449","Athletics",88,0.543209877,2005,2.26,0.3315,104.5,1.77838878389026,0.0234010920922745,15.9878426034006
"450","Athletics",91,0.561728395,2004,2.06363636363636,0.339818181818182,103.909090909091,1.85756438772535,0.0301523404790347,20.0372380604441
"451","Athletics",96,0.592592593,2003,1.26,0.3169,91.2,1.99844383903521,0.0395880172667325,26.5279726578066
"452","Athletics",103,0.635802469,2002,2.3125,0.338875,108.125,2.04411175260622,0.0291569031277329,19.4601240636186
"453","Athletics",102,0.62962963,2001,3.2,0.345111111111111,112.444444444444,2.78971324691266,0.0516295565651218,34.7207110782279
"454","Athletics",91,0.561728395,2000,2.17777777777778,0.355444444444444,108.555555555556,2.40716522998411,0.0469124480045305,30.2535581011189
"455","Athletics",87,0.537037037,1999,1.68,0.3571,110.4,1.82135480709645,0.0423305773381108,27.354463377421
"456","Athletics",74,0.456790123,1998,0.966666666666667,0.331333333333333,96.8888888888889,1.35922772190682,0.0367457480533463,23.7404951740925
"457","Athletics",65,0.401234568,1997,0.93,0.3366,101.2,0.901911550233416,0.0424871222319841,27.6156155503045
"458","Athletics",78,0.481481481,1996,1.73333333333333,0.344333333333333,101.416666666667,2.71940278648668,0.0594112528877903,36.4977168235677
"459","Phillies",80,0.49382716,2018,1.33333333333333,0.315777777777778,97.3333333333333,1.2737739202857,0.0289213492846452,19.3196790863617
"460","Phillies",66,0.407407407,2017,1,0.322125,96.375,1.62568666810586,0.0255423318098743,17.0204708680879
"461","Phillies",71,0.438271605,2016,1.65,0.315,94.25,1.64490555525668,0.0224753833591967,14.858859790903
"462","Phillies",63,0.388888889,2015,0.645454545454546,0.311727272727273,95.7272727272727,1.57312659145006,0.0327111323836119,22.4726095907481
"463","Phillies",73,0.450617284,2014,1.625,0.311875,98,1.7539750771971,0.0160484756730529,11.0064915910047
"464","Phillies",73,0.450617284,2013,1.14444444444444,0.320444444444444,101.666666666667,1.25210933139953,0.0281296601077542,19.4486503387767
"465","Phillies",81,0.5,2012,1.6,0.321125,100.125,2.19219394345352,0.0361443040365382,24.3277472387865
"466","Phillies",102,0.62962963,2011,1.83,0.329,105.5,2.23758302142686,0.0295972971738975,20.1893811473039
"467","Phillies",97,0.598765432,2010,2.81111111111111,0.344111111111111,111,1.75530940609088,0.0341447083910686,22.798026230356
"468","Phillies",93,0.574074074,2009,3.8125,0.356,115,2.07807431463431,0.0352298574669677,23.8447358670929
"469","Phillies",92,0.567901235,2008,3.21,0.3415,103.2,2.45784458418347,0.0364333485818815,23.8224917066018
"470","Phillies",89,0.549382716,2007,2.87272727272727,0.354545454545455,108,2.69929283668553,0.0469816211647994,30.347981810987
"471","Phillies",85,0.524691358,2006,2.8125,0.356,109.625,2.85578985821536,0.053454920928092,34.8504457852202
"472","Phillies",88,0.543209877,2005,3.25555555555556,0.355777777777778,112.777777777778,1.96475896175021,0.0333195804962254,22.0328038262143
"473","Phillies",86,0.530864198,2004,2.54,0.3494,106.5,2.10459814058013,0.0385866989172867,25.3037107511483
"474","Phillies",86,0.530864198,2003,2.36,0.3358,102.7,2.0494985836649,0.0407970587175105,26.600125312988
"475","Phillies",80,0.49382716,2002,2.25714285714286,0.332857142857143,102.428571428571,1.98062039342655,0.0477264027956175,31.7430157297483
"476","Phillies",86,0.530864198,2001,2.475,0.33075,99,2.00979743115711,0.0418560458169256,26.9390847230244
"477","Phillies",65,0.401234568,2000,2.26666666666667,0.344666666666667,99.1666666666667,3.12708597046302,0.0577811964800545,37.1075014877944
"478","Phillies",77,0.475308642,1999,2.7,0.356555555555556,105,2.33452350598575,0.0404509304933493,25.7245019388131
"479","Phillies",75,0.462962963,1998,1.825,0.324375,92.25,3.20345795307865,0.0450933555447553,29.5960904754086
"480","Phillies",68,0.419753086,1997,1.2,0.33,93.8333333333333,1.95857090757521,0.0232980685894775,15.471479136355
"481","Phillies",67,0.413580247,1996,1.38333333333333,0.3305,97.1666666666667,1.22868493384865,0.0331587092631785,22.4179987212656
"482","Pirates",82,0.50617284,2018,1.81,0.3308,108.4,1.07852780317534,0.0232560625309712,15.4790180567115
"483","Pirates",75,0.462962963,2017,1.42,0.3227,98.1,1.06854002160788,0.0176575448148628,11.6661904664719
"484","Pirates",78,0.481481481,2016,1.81818181818182,0.337272727272727,110.545454545455,0.86350238195176,0.0248961479313203,16.8247652962152
"485","Pirates",98,0.604938272,2015,2.87777777777778,0.328222222222222,108.555555555556,2.07832731888999,0.0326755940182339,22.4950611863533
"486","Pirates",88,0.543209877,2014,3.17,0.3413,120.3,2.65666875784108,0.0383957462921784,26.2214924568886
"487","Pirates",94,0.580246914,2013,2.31818181818182,0.322727272727273,107.363636363636,2.70511300385702,0.0391256716468635,27.1303251999408
"488","Pirates",79,0.487654321,2012,1.19,0.3152,99,2.57959945211138,0.0439388463915727,29.5822769764451
"489","Pirates",72,0.444444444,2011,1.53333333333333,0.310666666666667,96.5,2.19878754468609,0.0383023062839128,26.2507142759964
"490","Pirates",57,0.351851852,2010,0.733333333333333,0.321666666666667,99.1111111111111,1.59216833280907,0.0328481354113137,21.7166091071123
"491","Pirates",62,0.382716049,2009,1.03333333333333,0.332166666666667,101.333333333333,2.04515688069807,0.0380652947797159,25.5081686262787
"492","Pirates",67,0.413580247,2008,0.766666666666667,0.336333333333333,102,2.11344899788631,0.0340744283395432,22.414281161795
"493","Pirates",68,0.419753086,2007,1.22,0.3348,98.5,1.20166551086398,0.0179987653897581,11.4236596587959
"494","Pirates",67,0.413580247,2006,1.08888888888889,0.322444444444444,91.5555555555556,2.37194247634952,0.035654982509851,23.136070923512
"495","Pirates",67,0.413580247,2005,1.37777777777778,0.315666666666667,89.5555555555556,2.02161926297818,0.0378054228914319,25.0005555493829
"496","Pirates",72,0.444444444,2004,1.36666666666667,0.332333333333333,97.3333333333333,1.93713706278105,0.0314841229828623,20.5243757517738
"497","Pirates",75,0.462962963,2003,1.75714285714286,0.342142857142857,104.857142857143,1.46498821708247,0.0491067835484691,32.0126463106305
"498","Pirates",72,0.444444444,2002,1.5,0.324111111111111,94.7777777777778,2.27705950734714,0.0501633442975158,33.1503309854433
"499","Pirates",62,0.382716049,2001,1.24285714285714,0.310428571428571,83.8571428571429,2.7536988112096,0.064971422289232,41.9739148020473
"500","Pirates",69,0.425925926,2000,1.58888888888889,0.347777777777778,100.333333333333,2.61746272392008,0.0512951697964286,32.6649659421221
"501","Pirates",78,0.481481481,1999,1.9,0.3476,99.9,2.65622957508487,0.0544695633664649,34.5300191459869
"502","Pirates",69,0.425925926,1998,0.9125,0.3185,88.625,2.19117548361604,0.0355286604628674,23.512534650996
"503","Pirates",79,0.487654321,1997,0.7,0.3359,97.4,2.38140947993223,0.0251989858702466,16.6145852925809
"504","Pirates",73,0.450617284,1996,1.22222222222222,0.333555555555556,98.4444444444444,1.76052391192067,0.0255348345946822,17.0815039670919
"505","Padres",66,0.407407407,2018,0.936363636363636,0.310636363636364,96.0909090909091,0.836985934496784,0.0240261221476656,15.8079381669751
"506","Padres",71,0.438271605,2017,1.11111111111111,0.311777777777778,91.5555555555556,0.927960727138337,0.0236789874032748,15.6613466144447
"507","Padres",68,0.419753086,2016,1.425,0.316125,97.125,1.31881981873405,0.0377413660892887,25.441459414563
"508","Padres",74,0.456790123,2015,1.35,0.3074,97,1.45468591493529,0.0339254083738624,23.1804515342849
"509","Padres",77,0.475308642,2014,1.28,0.2963,91.1,1.75423297578552,0.0325373289896048,21.9517146887841
"510","Padres",76,0.469135802,2013,1.62727272727273,0.318363636363636,105.363636363636,1.22970802151642,0.0263828456663519,18.3426973331227
"511","Padres",76,0.469135802,2012,2.25555555555556,0.331111111111111,114,1.91710139997283,0.031947004728317,21.3834047803431
"512","Padres",71,0.438271605,2011,1.72222222222222,0.313666666666667,103.111111111111,1.31318104023948,0.0401341500470609,27.4292017950051
"513","Padres",90,0.555555556,2010,2.14,0.3125,97.7,1.45235441037418,0.0305150236222531,20.4995934919045
"514","Padres",75,0.462962963,2009,1.24,0.3131,95.2,2.02385770250776,0.0409591937854684,27.4015409136867
"515","Padres",63,0.388888889,2008,1.8625,0.33525,108.5,1.59905105788223,0.0374728473126114,24.7905511953936
"516","Padres",89,0.549382716,2007,1.43333333333333,0.325,100,1.06653645038508,0.0243464576478797,15.8113883008419
"517","Padres",88,0.543209877,2006,2.34444444444444,0.329111111111111,102.222222222222,1.26106216253513,0.0309775904665148,20.3701851843434
"518","Padres",82,0.50617284,2005,1.71818181818182,0.330636363636364,106.363636363636,1.55036652557915,0.0318442231096088,21.1436644282524
"519","Padres",87,0.537037037,2004,2.88888888888889,0.346666666666667,114.777777777778,1.61589328580544,0.0265235744197497,17.562586496426
"520","Padres",64,0.395061728,2003,2.21428571428571,0.321142857142857,97.5714285714286,1.61392747816062,0.0291629249300579,19.0775360293823
"521","Padres",66,0.407407407,2002,1.9625,0.3325,106.75,1.97045136236056,0.0346739919000642,22.714061095026
"522","Padres",79,0.487654321,2001,2.25555555555556,0.339555555555556,109.333333333333,1.76359796375982,0.0376334661940377,24.4948974278318
"523","Padres",76,0.469135802,2000,1.98571428571429,0.334428571428571,99.7142857142857,1.56357344079576,0.0384874747714853,24.6151327825946
"524","Padres",74,0.456790123,1999,1.49166666666667,0.333083333333333,98,1.21838815529769,0.0329943750945337,21.0497246796938
"525","Padres",98,0.604938272,1998,2.1,0.345,113.125,1.81501672562148,0.0357810803957303,23.5883597201186
"526","Padres",76,0.469135802,1997,1.16666666666667,0.340777777777778,108.333333333333,2.24165117714599,0.0401677039976701,26.5047165613971
"527","Padres",91,0.561728395,1996,2.95714285714286,0.351714285714286,118.857142857143,2.79514885880111,0.0467679173711862,31.614493361055
"528","Giants",73,0.450617284,2018,0.8,0.304222222222222,91.4444444444444,1.03802697460133,0.0155946928294354,10.6079110939797
"529","Giants",64,0.395061728,2017,1.6625,0.319125,96.625,1.51651621441099,0.0289701200747055,18.8901901979383
"530","Giants",87,0.537037037,2016,2.575,0.324875,102.875,2.40223110580857,0.0312612836771438,20.9177812262336
"531","Giants",84,0.518518519,2015,2.85555555555556,0.329111111111111,111.555555555556,2.28807293978531,0.033658002185381,23.0440399621633
"532","Giants",88,0.543209877,2014,3.0625,0.332125,116.25,2.13470473033492,0.0215634445962871,14.4098180815324
"533","Giants",76,0.469135802,2013,2.94444444444444,0.327888888888889,114.777777777778,2.05919347749981,0.0281222529522638,19.5177981453965
"534","Giants",94,0.580246914,2012,3.12222222222222,0.329888888888889,112.555555555556,3.11680035363904,0.0439472537379881,29.6779004947752
"535","Giants",86,0.530864198,2011,1.2,0.307222222222222,97.2222222222222,1.74212513901843,0.0364958140674303,25.0138850330061
"536","Giants",92,0.567901235,2010,2.66666666666667,0.331,106.666666666667,2.22766694099455,0.0338673884437522,22.8089894559141
"537","Giants",88,0.543209877,2009,1.67,0.3216,94.5,1.50632001911944,0.0331367536799314,22.0668177235515
"538","Giants",72,0.444444444,2008,0.966666666666667,0.314555555555556,86.6666666666667,1.86279360101972,0.0325926031144764,21.4941852602047
"539","Giants",71,0.438271605,2007,1.06,0.3204,88.1,1.38339357298557,0.0433210238926911,27.8026777287528
"540","Giants",76,0.469135802,2006,1.8,0.339666666666667,100.777777777778,1.27769323391806,0.0399061398784698,26.2143938408738
"541","Giants",75,0.462962963,2005,1.31111111111111,0.321555555555556,92.4444444444444,1.34577528254576,0.0313612464321458,20.8573195252357
"542","Giants",91,0.561728395,2004,2.72,0.3646,120.2,3.40091490958275,0.0672560612716637,44.1129862461787
"543","Giants",100,0.617283951,2003,2.77,0.3503,112.9,2.7447120877142,0.0596602417397419,38.6966837511089
"544","Giants",95,0.586419753,2002,3.7875,0.3565,120.25,4.20320880824571,0.0817784463395722,54.001984090534
"545","Giants",90,0.555555556,2001,3.5625,0.3555,117.25,4.35625576449711,0.0825244552498574,53.5236930180057
"546","Giants",97,0.598765432,2000,3.13,0.3687,118.6,2.4935695075311,0.0508615768532593,32.551497661398
"547","Giants",86,0.530864198,1999,1.95,0.3605,112.9,1.32266565860177,0.0386731316434435,24.4651679831642
"548","Giants",89,0.549382716,1998,2.5,0.346727272727273,112.272727272727,2.24098192763797,0.0381001073727907,25.2550624987978
"549","Giants",90,0.555555556,1997,2.84444444444444,0.346444444444444,110.333333333333,2.75232225180442,0.0390291913543924,25.5831976109321
"550","Giants",68,0.419753086,1996,1.92222222222222,0.329333333333333,100.444444444444,2.87957365671456,0.0563493566955294,37.9575786606282
"551","Mariners",89,0.549382716,2018,1.8,0.3186,105.1,1.73205080756888,0.0349004934699274,23.7648199376024
"552","Mariners",78,0.481481481,2017,2.09090909090909,0.323454545454545,105.454545454545,1.69378543237008,0.036617929041287,24.9012595519329
"553","Mariners",86,0.530864198,2016,1.88181818181818,0.325090909090909,107.636363636364,2.40865862330808,0.0367952566112931,25.4686973646974
"554","Mariners",76,0.469135802,2015,2.17142857142857,0.321285714285714,106.285714285714,1.80066125420106,0.0483828974112213,33.3452359701466
"555","Mariners",87,0.537037037,2014,1.71818181818182,0.306545454545455,98.9090909090909,2.27807733925702,0.0338182306940018,23.6154802849933
"556","Mariners",71,0.438271605,2013,1.37777777777778,0.318222222222222,103,1.38092159243182,0.0240092574738255,16.5529453572468
"557","Mariners",75,0.462962963,2012,1.07777777777778,0.299555555555556,93.2222222222222,1.76265267266255,0.0358995512197267,24.6970533555006
"558","Mariners",67,0.413580247,2011,0.56,0.2888,84,1.55220273589932,0.0397877703153452,27.2682151149567
"559","Mariners",61,0.37654321,2010,0.9875,0.288125,81.375,1.91045058260386,0.0223315120081787,14.8990651672225
"560","Mariners",85,0.524691358,2009,1.78888888888889,0.327,98.6666666666667,2.71589968723278,0.0297741498619188,19.7420870223996
"561","Mariners",61,0.37654321,2008,0.93,0.3046,85.8,2.25440309912254,0.0326571414684275,21.8723569831877
"562","Mariners",88,0.543209877,2007,1.47,0.3313,101.7,2.15666924265688,0.0259360324216673,17.2887246493199
"563","Mariners",78,0.481481481,2006,2.37777777777778,0.325333333333333,96.7777777777778,2.00360785695316,0.0282842712474619,18.6934331904133
"564","Mariners",69,0.425925926,2005,2.15714285714286,0.324142857142857,100.857142857143,1.47066554418642,0.0357044748429314,24.5182148033428
"565","Mariners",63,0.388888889,2004,1.925,0.320375,94.75,2.58332565283036,0.0342217036396495,22.8520083518776
"566","Mariners",93,0.574074074,2003,2.70909090909091,0.323545454545455,99.5454545454545,2.58319745488205,0.0438756507333251,29.4562850215829
"567","Mariners",93,0.574074074,2002,2.50833333333333,0.33375,108.583333333333,1.67519786257859,0.0303078897618785,20.4025770802404
"568","Mariners",116,0.716049383,2001,3.96363636363636,0.346818181818182,115.545454545455,1.97953162504302,0.0362237993087919,24.2543341956181
"569","Mariners",91,0.561728395,2000,2.6,0.3502,106.5,3.00148111586411,0.0496248145812377,31.7953525604678
"570","Mariners",79,0.487654321,1999,2.1,0.357375,112,2.47732574707947,0.0486149227530572,31.2409987036266
"571","Mariners",76,0.469135802,1998,3.05,0.363,115.5,3.20490695207031,0.0425675933075855,27.3339140472574
"572","Mariners",90,0.555555556,1997,3.925,0.37575,124.25,2.53870045495722,0.0369816556841748,24.3237097734465
"573","Mariners",85,0.524691358,1996,4.3625,0.387,124.25,3.59640197181254,0.0474853360823859,29.2220562491515
"574","Cardinals",88,0.543209877,2018,2.2,0.3261,105.6,1.75941909605289,0.0295989864691344,19.5061243943765
"575","Cardinals",83,0.512345679,2017,2.225,0.340583333333333,109.666666666667,1.5708278072405,0.0314771441852752,20.8864172189111
"576","Cardinals",86,0.530864198,2016,1.75,0.336416666666667,109.916666666667,1.1065918193017,0.0214918941731881,14.4879782975926
"577","Cardinals",100,0.617283951,2015,2.55555555555556,0.337111111111111,115.222222222222,1.88421808126814,0.0304567088030061,20.9390650327192
"578","Cardinals",90,0.555555556,2014,2.6,0.32725,109.125,1.15263672879682,0.0243589232696592,16.8729496108839
"579","Cardinals",97,0.598765432,2013,2.84,0.3379,116.2,2.74112709989482,0.0461722619954641,31.9854133421262
"580","Cardinals",88,0.543209877,2012,2.74,0.3429,116.3,2.28628762650527,0.0354728378089803,23.8469657981425
"581","Cardinals",90,0.555555556,2011,2.67777777777778,0.347333333333333,121.777777777778,2.12531043484109,0.0420773097999385,28.7435983210948
"582","Cardinals",86,0.530864198,2010,3.05,0.341375,112,2.75214202291337,0.0544057179242875,36.2057611832308
"583","Cardinals",91,0.561728395,2009,2.45555555555556,0.331111111111111,102.222222222222,2.86666666666667,0.0475695397403749,31.9756852068012
"584","Cardinals",86,0.530864198,2008,3.04,0.3508,113.2,2.72934668617479,0.0518347802584755,34.0156826576605
"585","Cardinals",78,0.481481481,2007,1.25833333333333,0.329833333333333,97,2.29840194812646,0.0392076832297246,25.3520664389961
"586","Cardinals",83,0.512345679,2006,2.02,0.3435,106.4,2.74865623734783,0.0550782271965167,35.8831436749904
"587","Cardinals",100,0.617283951,2005,2.66,0.3459,110.6,2.40794979644971,0.0465461539167786,30.5330422111303
"588","Cardinals",105,0.648148148,2004,3.51111111111111,0.354666666666667,114.444444444444,3.84299507039901,0.0654083328024801,42.8313877638558
"589","Cardinals",85,0.524691358,2003,2.81666666666667,0.352,113.333333333333,3.34224566131906,0.0552531364802858,36.0386997377525
"590","Cardinals",97,0.598765432,2002,2.8875,0.34375,110,2.32713036039791,0.0463056614866291,30.886890422961
"591","Cardinals",93,0.574074074,2001,3.26666666666667,0.349777777777778,111.222222222222,2.60959767013998,0.0588404150600966,38.0650028824962
"592","Cardinals",95,0.586419753,2000,2.58181818181818,0.368636363636364,115.181818181818,1.85678118356374,0.0545513936160621,34.7241074235701
"593","Cardinals",75,0.462962963,1999,1.71,0.3353,93.1,2.40390885388315,0.0667616822902346,42.4563828469224
"594","Cardinals",83,0.512345679,1998,3.125,0.356625,115.25,3.61455391438556,0.0716039454220227,47.4454574071262
"595","Cardinals",73,0.450617284,1997,1.85,0.3268,94,1.78029335909688,0.0378265045232102,24.8774775427271
"596","Cardinals",88,0.543209877,1996,2.45,0.3376,103.8,1.73156961550304,0.020876355578075,13.9586691501892
"597","Rays",90,0.555555556,2018,1.88888888888889,0.322666666666667,105.555555555556,1.31951169419263,0.0259615099714943,17.6996547361178
"598","Rays",80,0.49382716,2017,2.0125,0.3225,102.5,1.46914698282468,0.028560712276032,19.4348729276598
"599","Rays",68,0.419753086,2016,2.1,0.319375,101.625,1.58294481448795,0.0244478307539018,16.6470718145865
"600","Rays",80,0.49382716,2015,1.88888888888889,0.310777777777778,98.2222222222222,1.99088199326608,0.039578333017504,27.3028285063003
"601","Rays",77,0.475308642,2014,1.56923076923077,0.310846153846154,101.230769230769,1.50409696905076,0.0197139804616172,13.8933667995069
"602","Rays",92,0.567901235,2013,2.51818181818182,0.325727272727273,108,1.41337764367361,0.0253972081500739,17.4527934726794
"603","Rays",90,0.555555556,2012,2.19090909090909,0.320181818181818,106,1.73922657837014,0.0343942384181368,23.7318351587061
"604","Rays",91,0.561728395,2011,2.375,0.318666666666667,102.916666666667,2.43800402714262,0.0473734358500882,32.1401995053301
"605","Rays",96,0.592592593,2010,2.89090909090909,0.330272727272727,108.363636363636,2.67112506088897,0.028393981436533,19.0277309591697
"606","Rays",84,0.518518519,2009,3.02727272727273,0.339727272727273,107.636363636364,3.24348297639772,0.0445782254224883,29.3403228587305
"607","Rays",97,0.598765432,2008,2.57,0.3398,108.1,1.84935424165061,0.0225625057710057,15.0292307779799
"608","Devil Rays",66,0.407407407,2007,2.4375,0.3485,111.625,2.21032479836917,0.0449698311569625,30.2935047257895
"609","Devil Rays",61,0.37654321,2006,0.877777777777778,0.321666666666667,92.3333333333333,1.98920698883863,0.0492924943576606,32.5691571889725
"610","Devil Rays",67,0.413580247,2005,1.94,0.3292,102.2,1.64127321850379,0.0255942701921088,17.3063893146754
"611","Devil Rays",70,0.432098765,2004,2.22222222222222,0.317888888888889,89.5555555555556,1.8899588472886,0.0340824164505851,22.5561028942896
"612","Devil Rays",63,0.388888889,2003,1.8625,0.315875,90.75,1.24778374957934,0.0341318347420285,22.6068889626907
"613","Devil Rays",55,0.339506173,2002,1.1,0.313181818181818,89.8181818181818,1.39857069896377,0.0346202778204283,23.4086231197744
"614","Devil Rays",62,0.382716049,2001,0.422222222222222,0.314666666666667,90.2222222222222,0.837821248503787,0.0289395922569756,19.3376431977748
"615","Devil Rays",69,0.425925926,2000,0.488888888888889,0.316888888888889,81.1111111111111,0.897836906743709,0.0436676208547147,27.8138654471311
"616","Devil Rays",69,0.425925926,1999,0.872727272727273,0.340545454545455,96.8181818181818,1.34468651297684,0.0400408881928551,26.0991117926192
"617","Devil Rays",63,0.388888889,1998,1.06153846153846,0.307230769230769,79.3846153846154,1.13690989201612,0.0313106846676813,20.0978376180891
"618","Rangers",67,0.413580247,2018,1.34545454545455,0.320727272727273,94.4545454545455,1.12103847959259,0.0241871491048073,16.4156244862243
"619","Rangers",78,0.481481481,2017,1.41,0.3349,101.1,1.71558218171623,0.0338967386172901,23.1874007934386
"620","Rangers",95,0.586419753,2016,1.48888888888889,0.322222222222222,93.6666666666667,2.18199704654042,0.0282567592700303,19.3842719749801
"621","Rangers",88,0.543209877,2015,2.14444444444444,0.326555555555556,101.888888888889,1.15554220077753,0.0350003968231473,24.0958733211957
"622","Rangers",67,0.413580247,2014,1.5875,0.31,93.5,2.36004691236666,0.0342761891530716,23.7125644814245
"623","Rangers",91,0.561728395,2013,1.62727272727273,0.321909090909091,96.0909090909091,1.76979711215207,0.0285287733541228,19.6288285205946
"624","Rangers",93,0.574074074,2012,2.44,0.3444,112.2,2.34245834778574,0.0291745703576857,20.0377421660004
"625","Rangers",96,0.592592593,2011,2.94545454545455,0.352272727272727,115.454545454545,2.31100135714527,0.0398173100776306,27.255691649135
"626","Rangers",90,0.555555556,2010,2.82222222222222,0.346333333333333,107.888888888889,2.62143938408738,0.0556753985167596,37.7075736571728
"627","Rangers",87,0.537037037,2009,1.55454545454545,0.333727272727273,94.2727272727273,1.66154364153557,0.0270040401017733,17.8218456344505
"628","Rangers",79,0.487654321,2008,1.875,0.357166666666667,114.083333333333,1.91031886914677,0.0315215174223269,21.1163802568413
"629","Rangers",75,0.462962963,2007,1.14444444444444,0.325666666666667,91.7777777777778,0.987561531135037,0.0282798514847585,18.659969036535
"630","Rangers",80,0.49382716,2006,1.87777777777778,0.341555555555556,99.7777777777778,1.61537749286179,0.0243110628681219,15.9982637946886
"631","Rangers",79,0.487654321,2005,2.44444444444444,0.350222222222222,110.222222222222,1.7741977842895,0.0330143066630884,22.4487069659801
"632","Rangers",89,0.549382716,2004,1.97272727272727,0.344,99.6363636363636,1.58876738957653,0.0247547975148253,16.5243621799616
"633","Rangers",71,0.438271605,2003,3.17142857142857,0.357714285714286,112.142857142857,3.04834068837145,0.0419829897526537,27.9548956441656
"634","Rangers",72,0.444444444,2002,2.27,0.3555,111.6,3.12660625385843,0.0366280099256172,24.6134561210372
"635","Rangers",73,0.450617284,2001,2.23,0.3547,111.8,2.8004166356693,0.0421849104143492,28.074504052214
"636","Rangers",71,0.438271605,2000,0.9,0.356888888888889,102.777777777778,1.93778223750761,0.0403839214429593,26.0325650761588
"637","Rangers",95,0.586419753,1999,2.6,0.3673,111.7,2.23457676827925,0.039628973687891,25.7209382928902
"638","Rangers",88,0.543209877,1998,2.45,0.3597,109.7,1.92945012316405,0.0344191484173821,22.3509880467658
"639","Rangers",77,0.475308642,1997,2.01111111111111,0.342222222222222,98.6666666666667,2.13801569477661,0.0509528649287206,33.4215499341368
"640","Rangers",90,0.555555556,1996,2.54,0.3611,105.7,1.94719171001613,0.0281955473238043,17.442285782928
"641","Blue Jays",73,0.450617284,2018,0.79,0.3163,99,1.14547418613913,0.0222812826281513,15.06283137026
"642","Blue Jays",76,0.469135802,2017,1.1,0.318,96.9090909090909,1.8926172354705,0.0391152144312159,26.8940682882101
"643","Blue Jays",89,0.549382716,2016,2.51818181818182,0.333909090909091,109,2.04637151163623,0.033640613982074,23.259406699226
"644","Blue Jays",93,0.574074074,2015,3.725,0.35475,124.625,2.6266491418318,0.0400704736326245,27.4327098812453
"645","Blue Jays",83,0.512345679,2014,2.15454545454545,0.335454545454545,113.818181818182,1.88115051836031,0.0400783323913649,27.8668914011527
"646","Blue Jays",74,0.456790123,2013,1.63636363636364,0.325090909090909,102.545454545455,1.85756438772535,0.0443541532338394,30.5658752086821
"647","Blue Jays",73,0.450617284,2012,1.52222222222222,0.321333333333333,98.7777777777778,1.48894071219926,0.0388973006775535,26.5130994876956
"648","Blue Jays",81,0.5,2011,1.67142857142857,0.338428571428571,109.857142857143,3.20869354811492,0.0523986550172716,35.6297093796201
"649","Blue Jays",85,0.524691358,2010,1.83333333333333,0.340555555555556,110.111111111111,2.12308737455621,0.0367427241474796,24.881943475362
"650","Blue Jays",75,0.462962963,2009,1.66666666666667,0.337222222222222,101.222222222222,1.96214168703486,0.0346906967996384,22.9933565284507
"651","Blue Jays",86,0.530864198,2008,2.08888888888889,0.332777777777778,100.777777777778,1.55759786566081,0.0171666666666667,11.5842325790034
"652","Blue Jays",83,0.512345679,2007,1.61818181818182,0.329727272727273,98.0909090909091,1.67679347673957,0.0395324952642529,26.410053182281
"653","Blue Jays",87,0.537037037,2006,2.27272727272727,0.341818181818182,102.636363636364,2.01151232116083,0.0428831393016374,28.2144385989611
"654","Blue Jays",80,0.49382716,2005,1.70909090909091,0.327181818181818,96.6363636363636,0.71197548476692,0.014965414673962,10.0426363796836
"655","Blue Jays",67,0.413580247,2004,1.63333333333333,0.329,93.5555555555556,1.51327459504216,0.0244386988196999,16.1486153517191
"656","Blue Jays",86,0.530864198,2003,1.76363636363636,0.349454545454545,109.272727272727,1.51014749430162,0.0346507247726902,23.268394483036
"657","Blue Jays",78,0.481481481,2002,1.92727272727273,0.335909090909091,101.181818181818,1.65595344686432,0.0431334082712103,28.8749655647178
"658","Blue Jays",80,0.49382716,2001,1.8875,0.334,100.875,1.36322883520811,0.0398855505522632,26.6856703119858
"659","Blue Jays",83,0.512345679,2000,2.3,0.3548,104.3,2.54383787044519,0.056961585496036,36.4662705645764
"660","Blue Jays",84,0.518518519,1999,3.02857142857143,0.370714285714286,115.571428571429,1.4430457208214,0.027861049787079,18.2834820066013
"661","Blue Jays",88,0.543209877,1998,2.21111111111111,0.343777777777778,103.111111111111,1.66841574888009,0.037874060311042,24.3333333333333
"662","Blue Jays",76,0.469135802,1997,0.733333333333333,0.311777777777778,82.6666666666667,1.62634559672906,0.0366530277663994,24.0052077683156
"663","Blue Jays",74,0.456790123,1996,1.19,0.3296,89.9,1.22696554329958,0.0303688436833981,18.7524813172965
"664","Nationals",82,0.50617284,2018,2.57777777777778,0.339888888888889,110.888888888889,2.07109740100374,0.0427183931241697,28.6244844689142
"665","Nationals",97,0.598765432,2017,2.34545454545455,0.348636363636364,111.363636363636,2.43366539867897,0.0449338908336964,29.3369143819616
"666","Nationals",95,0.586419753,2016,2.22222222222222,0.332555555555556,103.777777777778,2.36472925394102,0.0532614098365578,35.7238637950103
"667","Nationals",83,0.512345679,2015,1.69090909090909,0.325818181818182,104.363636363636,2.65196325217924,0.0528201063645619,36.2664382791383
"668","Nationals",96,0.592592593,2014,3.1875,0.336,113.25,2.11891987308898,0.031213550171131,21.238442235047
"669","Nationals",86,0.530864198,2013,2.44444444444444,0.336222222222222,112.555555555556,1.76005050432588,0.0380715700286243,26.4769291606443
"670","Nationals",98,0.604938272,2012,2.23,0.3326,107.7,1.70427566888563,0.0372146924390533,25.1530868439199
"671","Nationals",80,0.49382716,2011,2.02222222222222,0.324111111111111,103.111111111111,1.45668954978212,0.0318294063895498,21.7108523810354
"672","Nationals",69,0.425925926,2010,1.63,0.3296,101.7,2.00335829158053,0.0447491775219265,29.8069715931618
"673","Nationals",59,0.364197531,2009,1.1875,0.336375,102.75,2.3889253411763,0.0423486801953227,28.5494558366955
"674","Nationals",59,0.364197531,2008,1.3,0.331777777777778,98.2222222222222,1.37477270848675,0.0311599814577038,20.5230223028784
"675","Nationals",73,0.450617284,2007,1.8625,0.3265,96.125,1.64050297165229,0.031468805415613,20.3921378407043
"676","Nationals",71,0.438271605,2006,2.38333333333333,0.3375,103.333333333333,2.59493095605002,0.0492534262767577,32.2221455937786
"677","Nationals",81,0.5,2005,1.81111111111111,0.323777777777778,97.7777777777778,1.64578586429435,0.0401116497347646,26.4422851592756
"678","Expos",67,0.413580247,2004,1.42222222222222,0.334777777777778,96.3333333333333,1.52297224020809,0.0246615985784467,16.0934769394311
"679","Expos",83,0.512345679,2003,1.22727272727273,0.325272727272727,90.9090909090909,1.9611684828647,0.0489266612576229,31.9106707715602
"680","Expos",83,0.512345679,2002,1.9,0.343875,105.125,2.66940335762775,0.039295355959706,26.0792062762654
"681","Expos",68,0.419753086,2001,0.5625,0.31925,85.5,2.55674877250665,0.0451149325928472,29.2721222813984
"682","Expos",67,0.413580247,2000,1.0625,0.33075,90.125,2.85353790432659,0.0617037854823928,39.7364082782672
"683","Expos",68,0.419753086,1999,0.83,0.3333,90.9,1.75755512004603,0.0394096716837659,25.1150685180564
"684","Expos",65,0.401234568,1998,2.17142857142857,0.336428571428571,101.142857142857,2.23137796418438,0.040954678783818,27.0211557329226
"685","Expos",78,0.481481481,1997,1.88,0.3402,102.3,1.56617013408151,0.0240638040772166,15.8678570981998
"686","Expos",88,0.543209877,1996,1.81,0.3375,103.7,0.942160637400367,0.0183923293189791,12.329278612762
